CLIENT_ID,CAR_ID,RESERVATION_DATE,START_DATE,RETURN_DATE,RESERVATION_ID
12760,227,1995-09-22,1986-06-21,2017-03-11,1
15601,1860,1973-10-21,1988-06-08,2020-07-04,2
5852,1582,1996-07-22,2022-01-03,2019-11-14,3
15657,1961,2009-04-08,2001-10-03,1976-11-25,4
9245,497,1985-12-07,1996-01-04,2011-08-10,5
11977,1792,2007-01-02,2010-01-02,1975-10-06,6
1565,35,1992-06-09,1983-01-19,1995-05-26,7
12064,9,2000-06-20,1979-01-15,1985-05-27,8
7403,225,2018-06-21,1995-05-24,2014-04-29,9
13843,1254,1974-03-14,1994-09-10,1979-12-02,10
9511,1206,1996-12-21,1995-05-03,1985-04-27,11
2082,1230,2021-01-13,2003-05-14,2003-05-13,12
15001,1865,2003-01-28,1984-10-22,1986-01-03,13
9629,1147,1977-06-16,1984-01-21,2005-10-02,14
12677,1433,1985-04-01,2004-09-04,1998-03-15,15
3347,610,2001-03-17,2011-07-13,1986-06-01,16
3515,1195,2005-07-19,1973-01-08,1972-06-16,17
3593,720,2022-03-08,2019-11-18,2000-06-10,18
12284,785,2022-02-05,2017-03-06,2005-11-03,19
8339,1377,1984-09-26,1984-04-02,1989-12-24,20
447,145,1997-11-02,1988-05-13,1989-07-31,21
9904,1181,1983-12-30,1977-12-03,1980-06-28,22
16878,1968,2012-01-05,1992-09-07,1990-10-30,23
8275,815,1987-11-16,1998-09-09,1974-05-09,24
9821,236,2002-07-11,1976-12-28,2004-10-26,25
1185,309,2014-01-25,1973-12-08,1972-08-07,26
14330,1014,1981-03-18,2011-10-20,1985-01-25,27
7534,298,2021-04-03,2009-10-28,1979-04-20,28
6019,219,2012-02-01,1973-07-30,1993-01-15,29
4708,876,1976-08-08,2004-02-10,1991-02-28,30
16901,412,1986-10-18,2002-08-06,1978-03-20,31
16624,1609,2020-05-11,1984-09-01,1985-10-07,32
19588,669,1986-03-05,2020-08-02,1973-11-09,33
8332,139,1982-09-04,1981-01-25,1981-02-11,34
4722,876,1978-01-07,2016-08-08,1984-03-30,35
2812,1039,2022-03-01,1980-02-13,1980-12-04,36
12739,305,2011-07-19,1977-12-26,1991-03-28,37
4236,92,1974-08-24,1986-08-16,1998-05-18,38
9842,1947,1995-12-08,1988-12-04,2002-01-09,39
12336,1289,2014-08-21,1986-05-02,1980-08-17,40
17117,1584,2004-06-02,2005-12-28,1985-01-04,41
18371,963,1999-04-07,2009-10-11,1977-06-11,42
16062,1175,1983-11-22,1996-12-11,2014-01-01,43
105,973,1982-03-16,2008-12-15,2001-12-18,44
18581,314,2004-11-07,2010-11-04,2008-09-08,45
8991,623,1989-12-24,2001-10-30,2004-05-02,46
523,1925,1994-05-15,1975-06-11,1973-10-27,47
11172,1297,1985-12-30,1979-03-16,2010-12-11,48
1436,1050,2006-05-27,2015-10-08,2005-09-05,49
5409,1201,1998-12-02,2020-03-06,2002-10-02,50
16395,1723,1991-03-24,1991-01-11,1994-04-02,51
14732,569,2020-08-01,2003-11-15,2021-02-06,52
13687,1503,1984-01-30,1997-05-28,2019-02-07,53
10475,703,1988-03-05,1997-12-12,2009-04-30,54
1354,1667,2007-05-04,1973-08-04,2007-05-17,55
17236,115,2001-06-10,1974-12-30,1977-07-09,56
17262,1153,1980-11-25,1992-06-17,2008-10-06,57
2846,1793,1986-12-03,1980-05-19,2011-12-22,58
17928,1231,1996-11-09,1982-07-27,1996-11-05,59
15959,436,1984-07-21,1977-06-03,1993-06-05,60
7287,560,2002-03-20,1983-08-28,1991-08-19,61
10671,1986,1982-04-03,1976-10-10,1991-10-06,62
13810,1278,2020-04-13,1980-05-07,1973-11-18,63
14058,364,1973-10-24,2003-01-12,2013-06-29,64
3039,938,1981-10-08,1994-05-25,1982-02-19,65
15453,772,1988-04-12,1990-03-01,1996-01-27,66
2821,1791,2016-10-19,1996-12-04,1986-11-06,67
13269,1618,1995-09-30,2001-02-07,1984-08-14,68
8875,863,1985-07-09,2001-11-03,1997-11-18,69
1872,1276,2005-06-24,2006-09-14,2012-03-23,70
3633,1202,1981-12-18,2003-05-14,1994-11-07,71
4753,628,1991-06-24,2003-10-24,1998-03-30,72
15081,1685,1991-10-26,1985-04-14,2001-09-12,73
1358,936,1979-10-16,2020-04-19,2004-08-10,74
6449,607,1992-12-19,2013-04-14,2005-05-21,75
273,874,2012-02-29,2013-01-05,2002-07-22,76
9056,805,1989-04-13,2002-02-09,2005-11-28,77
5844,890,1984-05-30,2012-08-12,1979-03-06,78
5617,537,1972-08-13,2006-10-26,2011-01-08,79
9359,1399,1986-12-23,1977-02-21,2006-07-07,80
18844,1361,1979-10-18,2012-03-15,2017-11-09,81
15965,1041,2008-08-19,1987-11-23,1981-04-14,82
8284,449,1993-05-25,1976-08-10,2006-10-15,83
16728,1748,2010-04-04,2013-02-19,1994-06-29,84
12772,208,1972-12-29,1981-12-17,2019-07-11,85
18181,1321,2018-08-27,1995-04-19,2019-12-17,86
19889,525,1982-08-06,1984-08-09,2010-03-18,87
5134,394,2016-09-23,2010-05-15,1986-09-25,88
260,1113,1986-12-22,1997-08-24,1993-06-03,89
12186,1216,2020-03-29,1994-03-19,2017-01-31,90
12215,306,2004-06-08,1975-09-14,1989-07-03,91
14423,23,1984-07-13,2001-09-10,2004-04-07,92
2324,1839,1972-08-20,2011-10-12,1992-02-06,93
8102,1776,2016-03-24,2016-02-21,2014-05-25,94
10501,912,2016-06-15,2008-05-09,1991-04-15,95
5391,1001,2017-04-13,2014-05-22,2019-10-11,96
15511,1693,1976-04-26,1989-01-29,2008-09-24,97
19214,797,1972-07-04,1977-03-30,2005-11-12,98
213,380,2003-07-06,1983-02-22,1994-04-30,99
5577,353,1983-09-06,1993-07-28,2022-04-10,100
2455,1977,1994-07-04,1978-03-28,1982-12-12,101
12306,680,2009-12-27,1975-02-13,2019-04-20,102
7363,1423,1978-03-25,1973-03-18,1993-09-29,103
16416,197,2012-11-23,1987-02-09,2016-06-21,104
8931,1939,2018-03-25,1995-03-21,2014-11-05,105
8714,1183,1983-10-26,1974-02-19,2013-04-25,106
9678,1190,2007-03-14,1984-08-22,1990-01-16,107
2448,1786,1977-11-18,1976-11-19,2008-02-03,108
9258,1161,1979-10-30,1977-03-18,1995-12-10,109
5432,266,1978-10-26,2006-02-17,1995-06-06,110
4939,1241,1990-10-14,2005-12-22,2018-04-24,111
17621,1235,2003-12-18,1995-01-12,1985-02-04,112
9465,1153,1979-02-04,1986-10-22,1985-04-06,113
4817,1418,1996-08-18,2003-03-19,2014-01-09,114
19800,150,1996-04-28,1984-08-26,2020-08-24,115
16851,604,1976-01-20,2021-03-25,1979-01-26,116
3314,1054,2017-05-14,2021-03-03,1983-12-06,117
17092,1906,2021-10-26,1986-06-28,2011-08-14,118
18796,842,2008-06-07,2006-11-16,1992-12-01,119
10611,1571,1999-01-23,1975-12-11,2006-12-15,120
922,1877,2011-12-03,1981-04-20,2006-10-29,121
1688,235,2003-01-27,1980-04-28,2008-02-22,122
1038,186,1982-10-25,2009-12-25,1994-06-08,123
18150,391,1972-05-11,2011-05-04,1978-12-11,124
4949,198,1984-09-04,1985-04-12,1994-02-28,125
18732,1243,1999-09-21,1976-07-08,2013-06-17,126
6385,1670,1989-01-04,1981-05-17,1977-07-07,127
14713,376,2001-11-01,2009-08-18,2004-11-17,128
13825,108,2009-12-29,1991-08-20,2002-05-22,129
7112,971,1985-08-31,2019-10-06,2016-03-12,130
5973,353,2000-10-26,1992-11-08,1984-12-14,131
4866,485,2006-12-26,2021-04-26,2011-11-17,132
9411,887,1973-05-19,1989-02-08,1978-12-03,133
3469,304,1985-05-18,2012-01-14,1993-03-20,134
6703,1043,2004-12-01,1987-03-06,2014-10-12,135
3463,791,1990-12-20,2018-08-15,2007-03-07,136
18385,1379,1975-07-25,2008-12-20,2005-07-09,137
16561,949,1983-06-20,1975-10-06,2003-05-16,138
7424,807,1997-06-10,1984-03-16,1981-08-21,139
16824,1969,1993-04-25,1984-07-30,1973-12-01,140
4165,1730,1975-02-01,1988-01-28,1990-10-07,141
6262,711,2004-04-05,2008-01-01,1975-07-29,142
8596,1887,2003-01-15,1979-10-30,1973-02-12,143
17434,1820,1983-12-20,1980-02-21,1977-09-16,144
5977,1747,1984-03-20,2002-04-21,1984-08-09,145
14306,313,2014-11-21,1996-08-19,2014-12-12,146
12832,786,1976-01-27,2022-02-24,1996-09-28,147
4452,1675,2016-09-14,2003-08-19,2009-06-01,148
15399,1615,2018-10-23,1999-03-28,2013-11-14,149
19785,1537,2000-11-20,2012-06-07,2014-01-28,150
19182,1213,2012-03-31,1979-04-19,1998-08-12,151
5200,576,1992-07-23,1986-09-15,2015-07-20,152
313,1905,2000-04-17,1974-06-03,1983-10-28,153
11869,1028,1989-12-20,2015-10-11,2020-12-19,154
12404,138,1976-01-02,1996-01-12,1985-09-26,155
11221,1192,1987-05-24,1974-05-12,1989-07-10,156
18952,1882,2007-07-25,1986-03-23,1994-04-06,157
16246,229,2001-07-04,2018-02-05,1988-12-11,158
13396,1107,1987-11-25,2009-01-26,1983-04-22,159
8602,616,1981-10-03,2000-12-07,1995-10-28,160
1294,247,2004-07-30,1989-02-24,2022-04-11,161
858,876,1999-03-19,1982-05-13,1987-10-05,162
6604,232,1976-05-27,1992-09-11,2014-11-23,163
11440,709,1990-10-14,1992-04-30,1994-01-10,164
14320,1237,1997-07-22,1981-01-15,1981-03-09,165
11434,1076,2016-09-02,1974-03-08,1986-04-20,166
15935,1969,2020-06-06,1986-05-31,2008-10-09,167
16301,159,1984-10-22,1986-12-16,1992-10-21,168
17343,1789,1982-03-02,2006-11-26,1996-06-29,169
10820,1029,1983-10-08,2008-03-25,1984-02-19,170
3459,918,1998-09-09,1975-09-29,1978-11-01,171
4148,1969,1980-11-03,1988-09-30,1973-11-04,172
9035,826,1981-08-20,2018-12-24,1993-12-23,173
6682,177,2015-04-13,1998-10-30,1990-12-21,174
8999,1540,2009-02-02,2014-01-17,2002-07-05,175
19792,663,2010-09-19,1986-01-29,1977-12-09,176
7422,10,1997-09-04,1973-01-31,1991-07-17,177
14602,411,1995-08-15,1980-09-23,1996-09-16,178
4755,803,2020-03-28,2001-01-07,2011-02-27,179
2263,1551,1997-10-02,1974-02-13,1998-10-08,180
917,68,2006-11-22,1992-05-18,2018-07-10,181
6028,366,2014-09-12,1986-04-22,1984-04-09,182
19625,1338,2004-08-02,1997-02-03,1972-09-05,183
9929,594,1992-12-17,1986-09-06,1981-12-28,184
6955,1045,1983-11-05,2005-07-01,1990-12-05,185
6714,1993,1983-04-24,1975-03-09,2019-06-30,186
7331,1237,1979-02-04,2015-03-31,2021-12-05,187
19706,285,2019-07-04,1977-07-17,1993-12-01,188
2658,274,2019-09-26,2017-02-25,1993-03-08,189
7694,124,2018-12-26,1983-10-12,1977-02-15,190
14514,1199,1997-02-03,1981-02-21,1996-01-28,191
15537,1632,2004-01-11,2018-08-11,1991-12-26,192
13664,593,2022-02-24,1978-03-25,1974-03-29,193
4667,986,1986-01-23,1977-05-24,2000-06-23,194
1577,1031,1973-09-03,1989-04-19,1988-03-12,195
7102,1765,2016-05-16,1974-03-02,1980-09-01,196
15703,795,1993-08-04,2000-04-28,2019-12-22,197
10368,1551,2019-06-11,2012-04-01,1985-12-27,198
7522,543,1999-11-27,1973-01-28,2014-06-29,199
610,1015,2001-07-04,2017-08-17,2003-06-19,200
14658,676,2003-12-14,2000-07-10,1977-12-29,201
19391,906,1994-12-24,1974-11-13,1995-01-03,202
8858,985,1987-08-04,1992-07-13,1979-02-05,203
5156,481,2014-05-09,2021-08-15,1973-12-06,204
923,16,2005-02-27,2017-01-05,2012-10-02,205
4719,1331,1975-11-18,1985-06-04,2020-08-18,206
18344,308,2001-09-12,2003-04-07,1989-07-12,207
393,722,1973-04-11,2019-01-18,2000-11-30,208
4062,1140,1995-06-07,1992-02-11,1985-12-24,209
19508,955,1994-12-30,1991-12-27,2010-01-04,210
2447,1008,1987-06-24,1992-04-04,2009-03-28,211
16890,1162,2012-05-15,2019-01-22,2018-11-01,212
4064,826,1992-04-04,1976-12-23,1999-08-16,213
17837,755,2002-05-30,1996-06-10,1976-05-27,214
19301,145,1978-01-02,1982-04-16,2022-01-03,215
12187,1047,1990-06-27,2014-09-30,1980-09-25,216
5927,1523,1974-10-07,1988-01-23,2009-09-17,217
13831,52,2001-02-21,1994-04-28,2006-10-25,218
10091,1050,1998-11-19,2021-09-05,1998-12-16,219
12171,115,1973-05-10,2002-05-06,1973-07-10,220
17800,1906,1989-12-19,1986-03-07,2004-04-12,221
19415,885,2016-03-07,1995-11-16,1997-12-29,222
12350,821,1975-07-02,1988-12-15,2007-03-31,223
7207,831,2009-01-31,2009-06-10,2000-12-14,224
3901,500,1992-12-22,1988-08-22,1997-10-01,225
15089,1997,1973-06-04,1993-12-20,1999-08-22,226
12443,476,2009-11-04,2005-01-06,2009-05-18,227
14212,1459,1998-02-06,1985-02-03,2010-07-14,228
264,1845,2018-05-14,1986-09-30,1975-06-14,229
5332,689,2021-08-14,2014-12-21,2020-12-05,230
19997,706,2020-01-14,1989-01-20,1983-05-31,231
1629,1635,2010-05-04,1985-11-03,2017-07-25,232
19943,1620,1992-04-09,2000-11-08,1989-06-05,233
18712,1681,2007-02-25,2017-11-01,1988-02-12,234
14850,466,2014-04-19,2003-09-13,1991-11-14,235
9303,573,2005-06-17,2004-12-09,1994-11-17,236
3733,151,2014-01-02,1980-11-09,1994-08-04,237
12310,1204,1989-05-18,2001-04-13,2001-04-26,238
9557,83,2013-12-08,2002-07-10,2003-12-30,239
12355,850,2008-03-05,1985-06-03,1988-02-17,240
18788,126,1986-01-01,1988-05-24,1974-10-17,241
11264,1343,1990-08-25,2000-01-31,1978-11-22,242
2930,473,1984-10-13,2019-07-12,2001-10-22,243
4872,1233,2014-07-08,2018-04-13,2019-02-02,244
14116,221,1993-02-01,1985-09-30,1996-09-13,245
3361,406,1996-03-03,1991-01-31,1980-07-25,246
11232,260,1999-08-17,1989-08-11,2008-05-05,247
11862,1600,1980-01-01,1985-05-13,2011-02-27,248
13614,1320,2008-12-19,2008-07-22,1973-04-13,249
4311,1035,1997-03-24,1991-02-25,1981-03-27,250
13065,1002,1985-12-13,1986-12-15,1981-03-05,251
6999,1522,2009-10-02,2009-10-31,2008-07-15,252
10130,1718,1976-01-05,2015-06-05,2016-08-06,253
10516,1241,1996-12-22,2006-09-08,2010-07-21,254
13495,15,1972-07-29,1973-11-20,1978-06-10,255
18512,341,1989-12-01,2016-02-05,1979-08-21,256
7968,1357,1985-05-21,1981-07-06,1976-06-29,257
7647,1265,1994-06-14,2011-08-30,2021-11-11,258
19936,1887,2000-06-26,1994-05-15,1997-02-03,259
19484,152,2015-06-09,1982-01-29,2014-10-26,260
17770,58,1990-05-13,1987-08-13,1982-03-18,261
7024,996,2008-09-08,2010-04-05,2012-08-06,262
9618,1362,1990-01-26,1982-08-14,1976-10-13,263
11737,1459,1992-10-23,1972-08-13,2018-08-31,264
16501,1061,2008-04-12,1993-02-06,1993-10-14,265
9800,1469,1973-10-04,2007-04-12,1997-09-30,266
7791,941,2000-03-23,1993-02-26,1987-05-08,267
10860,1646,2007-04-22,2016-04-28,2000-05-07,268
13267,1314,2012-05-04,2014-12-16,1991-09-27,269
8470,1448,2019-09-12,2009-07-24,1998-06-08,270
6623,972,1991-05-22,1983-06-01,2022-02-28,271
11086,200,1996-04-13,1998-06-11,2019-01-29,272
14775,215,2019-03-29,2007-12-22,1979-02-20,273
15948,1517,1987-10-02,2013-11-18,2004-06-05,274
918,1793,1986-08-12,1995-10-30,1973-02-01,275
6434,330,1985-03-14,2013-05-02,1975-06-24,276
6306,560,2014-07-20,1977-09-22,1991-10-13,277
19125,260,2016-07-18,2019-01-02,2012-11-30,278
11587,100,1987-06-20,1981-10-29,2014-08-01,279
9198,1507,1980-06-19,1979-06-02,2019-02-22,280
8669,162,2007-07-11,1990-02-25,1975-03-02,281
9177,1643,2002-05-06,1976-01-12,2014-09-27,282
13489,1739,2012-11-13,1973-06-12,1992-03-03,283
2008,347,2002-01-24,2007-06-16,2005-03-20,284
19083,1449,1995-08-13,1985-03-05,1998-01-16,285
2336,470,1981-03-09,2001-04-28,1992-05-24,286
16710,964,1996-09-29,2021-04-13,2008-12-27,287
792,1425,1990-04-21,2005-04-15,2005-12-26,288
8718,28,1999-07-05,1989-05-01,2019-01-04,289
1826,755,1975-09-19,1979-09-19,2021-09-02,290
16592,1792,1997-07-13,1995-11-13,1972-10-24,291
2191,1534,2006-10-03,2000-10-08,1973-12-04,292
12806,424,1990-03-28,2005-02-11,2008-04-13,293
6999,30,2014-08-20,1994-09-19,1986-12-05,294
19093,930,1985-02-19,1999-09-21,2020-03-11,295
3817,1628,2010-05-16,1981-03-16,2008-03-02,296
2999,1329,2020-10-16,2013-09-25,2019-09-16,297
17820,1539,2006-10-09,2016-12-30,2011-08-22,298
9100,1748,2011-04-23,1983-03-07,2008-03-19,299
3842,1837,2017-04-27,1978-06-04,1978-02-13,300
4635,657,1986-08-21,2014-02-24,1990-08-28,301
12109,817,2018-04-22,2011-05-07,2002-03-03,302
19351,1420,1995-06-11,2014-07-31,1973-09-28,303
18745,1551,2021-10-17,2012-12-15,2005-07-19,304
557,688,1978-10-26,1998-08-22,1998-03-20,305
12889,675,2010-11-18,1993-12-13,1999-03-23,306
3215,1310,2015-08-22,2004-02-14,2007-04-12,307
6100,191,2022-03-17,2011-10-17,2022-01-28,308
14074,848,1999-09-17,2006-11-09,1992-02-15,309
112,1373,2016-01-18,1993-06-10,2009-12-05,310
8082,1342,2005-06-11,2006-04-21,1974-07-16,311
11690,194,2020-11-22,2003-03-10,2014-03-26,312
11610,1580,1991-03-31,2001-03-14,1979-07-22,313
8607,686,1985-11-23,1987-06-29,1974-04-01,314
13904,1144,2017-07-18,2009-03-13,2017-07-10,315
1665,1457,1984-01-19,2019-02-21,1998-10-03,316
2703,1066,1978-04-29,1989-04-06,1991-01-05,317
12176,638,1976-02-25,1980-02-18,1978-02-22,318
16855,1897,1974-12-06,2002-06-04,2018-08-17,319
2705,916,1986-09-21,1976-02-29,1978-08-29,320
3989,695,2007-11-26,1999-03-21,2022-04-08,321
12048,1872,1990-02-03,2013-07-02,1978-02-15,322
744,1111,2007-05-17,1976-11-12,2007-10-08,323
17146,1778,1977-05-03,2013-12-19,1978-11-02,324
2023,79,2020-06-01,2011-10-20,2021-09-21,325
8431,781,2020-09-21,2000-01-13,2016-09-15,326
802,784,1985-10-13,2007-07-31,1999-12-11,327
7562,719,2004-04-27,1989-10-12,2003-04-28,328
1743,660,2002-10-14,2022-03-21,1975-08-13,329
7474,1360,1974-11-19,1986-10-06,1998-11-17,330
15695,559,1993-08-17,1984-09-15,1982-04-01,331
6615,127,2014-10-29,1972-09-15,1979-09-27,332
6288,1007,1986-11-04,1986-04-29,1982-06-13,333
3761,238,2020-10-27,2000-09-10,1988-05-30,334
9750,647,2012-09-04,2008-11-13,1989-07-18,335
12199,1625,1972-08-02,2000-07-07,2022-03-10,336
18606,1354,1979-07-28,2013-02-15,1997-03-07,337
2586,333,2014-11-25,1979-09-07,2018-11-29,338
7177,138,2018-06-25,1992-02-09,1972-06-27,339
13194,1973,2003-05-04,2018-01-26,1998-08-13,340
5293,363,1991-08-11,2018-12-07,2015-04-23,341
14136,331,2013-05-25,1974-02-05,1997-11-01,342
17649,1829,2001-08-28,2004-02-19,1977-03-07,343
15559,465,1996-07-02,1973-05-21,1996-03-13,344
18630,103,2014-10-05,1978-11-17,2010-12-12,345
19805,94,2001-07-19,1982-04-09,1978-09-16,346
18414,1635,1995-05-07,1989-05-24,1998-09-29,347
15322,316,1973-11-10,2003-07-08,1972-09-22,348
10640,1230,1988-07-27,2004-07-03,2015-10-01,349
12797,1747,2019-06-21,2013-02-07,2015-11-28,350
4082,904,1996-11-18,2004-03-08,1993-11-16,351
4270,1583,2013-09-15,2022-01-25,1993-10-26,352
19350,629,2002-10-18,1999-11-19,2002-10-29,353
13227,1418,1982-05-02,2022-03-09,1993-11-04,354
19401,833,1974-08-04,1999-10-03,2001-06-17,355
8714,764,1982-04-10,2019-11-24,2012-06-16,356
8218,842,2018-07-27,2010-08-10,2001-05-14,357
11754,677,1988-12-20,2015-11-07,2016-02-03,358
18744,1669,2017-10-23,1976-04-08,2006-04-18,359
5739,1617,1987-01-19,2010-07-05,1997-12-07,360
12417,1813,2013-04-04,2013-11-06,2001-05-01,361
19378,1872,1977-06-07,2012-09-06,2012-12-08,362
17600,659,1977-09-25,2021-12-20,1984-06-15,363
17077,1084,1988-01-15,2011-05-11,2019-05-26,364
7648,1947,1974-09-21,2017-01-16,2011-06-18,365
4909,1480,2010-05-26,1991-02-23,1975-10-30,366
403,205,2002-05-28,1985-05-11,2018-01-14,367
15938,1820,1988-02-23,1983-02-02,2017-09-21,368
5782,1586,2006-06-27,1980-03-05,1998-06-25,369
1321,140,2014-10-31,2009-12-30,2014-05-12,370
2052,1232,1983-12-07,2021-10-30,2016-09-05,371
7882,81,1988-06-05,1994-09-19,1978-11-25,372
18082,1191,2017-12-26,1983-11-02,1986-08-13,373
5429,1625,1997-10-23,2014-11-11,1982-10-06,374
10508,274,2016-08-28,2022-01-09,1984-06-25,375
10698,187,2002-03-30,1988-05-18,2011-04-29,376
11535,434,2007-08-31,2012-03-17,1977-10-15,377
7585,358,1980-10-06,1993-03-29,2002-02-20,378
8915,1409,2011-06-26,1981-04-17,1997-10-16,379
4862,630,2019-04-04,1987-07-06,1985-01-28,380
6265,1520,1982-03-07,2005-12-11,2019-10-31,381
11665,1487,1982-07-30,1991-03-21,2007-09-17,382
1326,50,1997-12-08,1978-09-08,2000-04-16,383
8859,587,1996-10-02,2018-07-24,1985-12-13,384
10147,1595,1979-04-07,2019-03-07,1988-08-11,385
3508,1038,1980-03-09,2005-11-27,1992-09-28,386
14021,319,1995-07-15,2007-11-18,1992-03-20,387
2169,1849,1987-02-03,2015-01-02,2017-04-06,388
10820,493,1978-09-20,1989-07-19,1992-01-04,389
7897,1096,1997-08-17,1981-01-24,1987-06-28,390
14766,220,1988-03-10,2005-04-02,2015-05-21,391
7210,709,2008-03-20,1983-09-12,1980-07-24,392
11317,205,1984-07-30,2011-04-16,1998-01-11,393
11440,599,2017-01-30,1976-09-27,2008-10-15,394
6725,244,1978-08-18,1984-05-10,1991-07-23,395
4070,1993,2011-01-21,2013-07-12,1979-01-11,396
8633,1761,1989-01-25,2016-04-26,1990-02-24,397
2982,849,2002-06-25,1974-01-14,1978-08-03,398
1435,1968,2020-10-08,1994-04-02,1992-06-29,399
8675,1046,2016-03-29,1979-06-15,1983-03-05,400
8706,1973,1977-07-28,2014-02-16,2002-06-29,401
17159,526,1985-01-28,2000-01-10,1992-06-09,402
16630,377,1999-12-15,2006-12-10,1998-01-01,403
11106,1100,2004-05-10,1984-05-29,1976-09-15,404
2476,1102,1979-11-24,1994-07-01,2018-03-21,405
7973,1268,1994-10-20,1987-04-16,2005-11-01,406
13615,1017,1998-09-13,1994-07-31,2013-08-06,407
7647,648,1990-03-04,1995-04-14,1973-09-19,408
6630,15,1975-09-26,2000-05-09,1995-06-12,409
7769,373,1999-02-22,1978-11-28,2001-12-08,410
12557,945,2015-07-20,1994-10-23,1999-03-14,411
3663,1719,2003-03-07,1993-05-06,1985-10-15,412
15603,761,2010-10-16,2018-04-17,1973-07-22,413
4696,1595,1987-09-28,1975-07-27,1992-02-06,414
1251,990,2009-07-06,1990-09-13,1991-03-16,415
5184,698,2021-03-25,2020-06-20,1991-11-03,416
2501,1465,1989-07-18,1977-04-27,1980-04-03,417
3000,1049,1976-12-22,2000-10-10,2016-08-12,418
13956,723,1983-12-11,2019-11-28,2020-10-11,419
4079,1513,1985-03-16,2010-05-13,2016-01-03,420
13666,397,1987-12-17,1989-02-17,2007-07-26,421
192,798,1974-11-21,2000-12-18,2015-04-23,422
2488,1758,1973-01-11,1987-05-07,1993-11-25,423
8867,274,1997-04-14,1995-08-24,2001-03-24,424
12279,272,2003-03-13,1990-12-08,1972-11-03,425
16054,1529,2009-09-11,1991-02-19,2001-03-21,426
9754,1572,2001-06-19,2016-05-14,2011-07-20,427
12523,1804,1992-09-11,2013-01-01,1991-04-18,428
17900,1834,2007-07-23,1999-05-18,2021-03-15,429
4847,1937,1974-07-24,1977-02-12,2003-07-07,430
9148,1306,2010-10-29,2021-04-12,2015-08-24,431
14140,1000,1987-05-24,1980-05-11,2021-01-13,432
5274,413,1984-05-17,1980-03-13,1989-05-10,433
13986,839,1975-07-30,1981-07-13,2016-02-06,434
5822,1540,2016-12-15,1972-12-13,2017-04-16,435
13005,1580,1973-02-28,1981-01-06,1988-05-02,436
18608,799,2012-08-20,1987-04-06,2010-11-13,437
15624,1523,1975-06-08,1981-10-25,1973-08-31,438
10553,1309,1993-08-14,1986-05-06,1979-10-24,439
1449,124,2014-11-20,1981-04-25,2000-08-14,440
13174,1644,1976-09-28,1984-05-14,1983-03-18,441
6782,1468,1995-12-12,1996-04-06,1974-09-07,442
17145,1278,1990-10-09,2013-07-26,1976-08-13,443
9328,967,1988-07-17,2006-06-20,2019-05-07,444
5440,878,2015-12-01,1987-03-14,1974-01-23,445
19127,1456,1986-03-31,1978-02-25,2004-07-08,446
17489,1869,1994-07-06,1998-06-16,1990-09-24,447
16607,100,2007-10-13,2022-04-26,1998-08-04,448
8089,221,2010-03-12,2013-10-02,1981-02-16,449
16061,1754,1976-09-26,1987-12-19,2016-04-11,450
16663,1148,1989-07-13,1983-10-26,1980-11-11,451
18062,1204,2010-08-23,2002-12-30,1972-09-22,452
17100,1036,1981-07-01,1996-02-25,1996-05-08,453
1106,1970,1992-01-28,1980-10-20,2021-12-23,454
1805,391,1977-04-22,2001-01-17,2014-07-22,455
12203,1601,1978-10-22,1999-04-11,1973-05-19,456
10438,927,1994-02-23,1975-01-24,1976-09-24,457
19187,1194,1997-02-04,1984-10-01,1976-08-18,458
4528,1416,1988-05-02,1992-06-26,2015-08-19,459
14051,1574,2021-05-09,2017-12-08,2021-01-25,460
5810,610,1994-10-23,1985-02-14,1973-01-30,461
3993,1134,1986-07-08,2012-10-07,2013-08-25,462
4210,1457,2016-09-26,2008-08-18,1988-08-25,463
10237,1406,2001-08-28,1990-03-05,2009-05-22,464
11517,1314,2022-05-05,1979-07-21,2017-09-24,465
2148,1626,1986-09-06,2004-01-11,1992-11-08,466
297,1820,1985-09-05,2011-09-19,1979-06-14,467
1654,454,1994-08-27,1993-09-27,2003-01-22,468
19934,1111,1974-05-11,2008-12-20,2015-06-06,469
7375,1992,1998-05-13,1983-05-04,1997-09-21,470
9071,407,1996-02-15,1979-03-23,1985-03-31,471
4328,1921,1996-04-21,1979-12-05,1978-08-25,472
11403,450,2017-03-16,1972-12-20,1985-09-25,473
4714,1215,1998-03-31,2019-05-30,2019-05-04,474
14257,724,2020-01-20,2006-01-14,2006-10-17,475
2446,1007,1999-05-27,2006-09-08,2012-02-09,476
12404,1030,2017-05-22,1998-08-08,1999-08-25,477
11598,904,1988-06-02,1976-06-17,1990-04-15,478
13792,835,1987-12-30,1994-02-07,1972-10-20,479
13751,1105,2020-09-03,1986-08-03,1991-10-30,480
6905,1437,2012-06-20,1984-07-16,1975-04-19,481
1320,1228,2001-08-11,2005-04-09,2002-08-16,482
10732,677,2015-10-30,1976-11-10,1979-05-07,483
1993,1272,2013-11-27,2006-07-13,1979-09-17,484
10093,1669,2012-07-09,1977-10-14,2000-04-09,485
12278,585,1999-04-23,1985-07-04,2011-06-06,486
19811,1986,2015-12-16,2009-03-17,2007-02-04,487
14300,937,1991-12-18,1997-02-17,1976-07-07,488
5702,257,2014-04-22,2011-01-31,1999-08-03,489
1338,1820,2002-06-19,1994-03-19,2006-07-02,490
18956,1433,1984-03-08,2014-04-24,2018-10-22,491
980,1257,1981-03-10,2008-04-14,1974-06-10,492
10991,1657,2015-08-13,1981-03-06,2011-08-30,493
5568,1534,1973-07-29,1985-12-16,1985-03-31,494
17844,1606,1997-08-29,1991-04-27,1982-05-26,495
16204,1488,2018-10-04,1984-11-14,1994-04-21,496
16773,1605,1978-12-08,2022-01-08,2005-01-16,497
7167,96,2010-03-17,1999-08-07,1981-02-07,498
18415,908,2016-12-22,1999-03-11,1978-01-16,499
1619,1055,1999-12-10,2000-08-10,1991-08-09,500
16698,527,2002-07-17,1980-10-05,2007-08-17,501
11069,204,1974-12-24,1996-04-03,1989-11-03,502
1456,1023,2006-05-14,1991-07-23,1979-02-23,503
3666,879,2020-06-12,1977-04-13,2017-10-21,504
6287,627,1975-12-06,1994-11-02,1975-07-24,505
1566,1102,2002-06-11,1995-11-14,2015-10-15,506
13139,268,2004-04-05,1988-05-22,2004-10-11,507
6194,998,2020-08-28,2001-03-06,1991-12-23,508
19993,114,1993-08-23,2021-05-14,2009-09-22,509
8099,130,2019-04-10,2022-02-23,1989-11-11,510
548,394,2016-02-21,1988-10-06,2000-01-30,511
19489,1585,1986-05-07,2017-05-24,1981-04-06,512
6336,936,2005-10-14,1991-08-05,1981-11-04,513
6565,720,2009-11-09,1988-05-06,1975-03-06,514
14027,562,2000-06-06,1978-09-23,2006-11-25,515
7223,1257,1987-08-05,2022-04-16,2008-03-09,516
6773,72,2007-11-10,2006-09-17,2001-04-25,517
8965,1852,2012-04-02,2007-07-04,2003-06-26,518
19489,1401,2009-02-26,2020-01-05,2000-12-09,519
12040,430,1972-12-04,2005-09-25,1995-04-03,520
10997,215,1988-04-09,2008-10-22,1993-01-29,521
12515,753,2004-04-06,2020-01-06,1987-01-05,522
17736,1242,1985-03-25,1973-01-10,1981-04-30,523
9826,1453,2005-03-17,2017-09-23,1987-10-05,524
16417,979,2008-05-02,2008-12-17,2000-12-14,525
3248,1171,1982-04-12,2000-03-22,1973-07-16,526
14134,1478,2012-05-15,2004-04-22,2013-06-07,527
3995,969,2005-05-07,1999-01-19,1986-01-07,528
9744,446,2018-01-12,1998-03-09,2011-12-19,529
5321,1856,1985-11-07,2015-01-22,2010-11-01,530
17892,1860,2012-10-24,2017-02-22,1997-02-21,531
8838,219,1974-01-26,1976-09-01,1983-10-01,532
623,501,2018-03-23,2013-06-16,2005-11-01,533
13666,838,1986-02-19,1972-08-07,1972-11-18,534
1407,1962,1973-11-04,2001-07-29,1981-06-13,535
13393,1910,2015-06-17,2003-12-13,1991-03-13,536
16035,1074,1977-08-05,1981-02-08,2000-12-24,537
15857,1629,1981-12-20,2003-01-22,1998-11-26,538
19152,46,2005-04-18,1979-07-16,1986-11-21,539
7944,9,1990-03-07,1996-09-26,2007-11-14,540
5248,1642,2012-10-01,2012-04-05,1990-05-02,541
7258,496,1973-05-09,1989-11-23,1987-04-27,542
12259,894,1979-10-13,1974-03-14,2017-10-19,543
2405,1658,2005-01-18,2001-06-05,1986-04-27,544
2745,92,1992-05-10,1998-05-19,1981-07-04,545
6522,813,1982-05-25,2015-05-18,1987-04-21,546
1558,858,1975-11-12,2001-01-28,1985-09-05,547
1232,1474,2002-02-14,1998-04-30,2013-03-22,548
549,570,1978-04-03,1990-07-15,1992-12-17,549
18267,1460,1991-06-16,1986-12-24,1991-04-29,550
5491,1326,2015-12-15,1985-01-19,1981-02-08,551
10495,672,2008-04-16,2019-06-05,2010-08-19,552
9438,133,1981-09-02,2002-02-21,1992-09-02,553
2694,1640,1981-12-10,2019-05-06,2011-06-03,554
14574,549,2018-07-11,2008-05-09,1993-08-24,555
14931,491,2012-12-09,1978-06-07,2003-06-06,556
1266,1698,2021-05-11,1998-03-25,1981-11-08,557
9381,265,1998-12-28,1987-11-17,1980-05-15,558
18476,106,1986-06-03,1990-02-03,2013-05-22,559
1330,1551,2021-08-19,2008-08-18,1982-10-21,560
11604,410,1987-06-23,1979-02-04,1985-08-05,561
11448,888,1994-07-17,2021-01-20,1992-11-24,562
19331,1901,1989-12-29,2018-06-27,1976-06-14,563
5716,605,2011-12-05,2019-12-11,1993-01-25,564
16055,1599,1980-07-28,2016-08-03,2003-01-23,565
15656,192,2011-07-14,2013-01-23,1998-08-20,566
14477,1154,2019-10-01,1985-05-12,1986-09-30,567
16436,358,2004-10-27,2004-01-22,2022-04-14,568
9825,1249,1975-03-27,1975-05-02,2009-11-07,569
2847,1464,1994-06-28,1992-06-30,1975-04-08,570
14893,842,1973-06-24,2014-01-21,2006-02-01,571
11269,801,1987-10-29,2002-04-22,1989-04-05,572
11981,261,2006-12-13,1979-10-04,1984-04-21,573
12970,1141,1989-09-22,1992-11-16,2004-04-03,574
16903,1460,2012-05-17,1972-12-14,1975-03-11,575
13424,809,1980-02-09,1977-11-24,2004-06-13,576
17066,772,1993-10-16,1979-11-21,1975-08-10,577
11652,1461,1993-11-18,1992-01-16,1992-10-13,578
6137,1604,1980-09-12,1999-07-09,2005-05-01,579
15585,1278,1992-08-03,1977-02-12,1992-07-30,580
18080,1503,1978-07-01,1990-09-22,1982-10-22,581
3143,1236,1977-06-27,2005-12-17,2021-05-28,582
1605,485,2004-05-19,1988-09-13,1990-06-05,583
11995,489,1975-04-29,1974-08-16,1981-05-29,584
5096,1702,1985-07-26,1992-12-12,2018-07-12,585
3034,337,1986-06-25,1993-01-05,1994-01-08,586
17435,1939,2021-08-10,2013-09-04,1990-10-28,587
12014,1504,1994-03-10,1981-06-01,2007-07-22,588
18870,814,1986-06-18,1977-12-10,2000-07-27,589
14199,1121,2010-04-01,1990-09-28,1995-03-10,590
15646,188,2015-07-27,1995-06-13,2002-06-07,591
12561,1676,1992-09-12,2017-08-24,2003-02-14,592
3707,1438,1975-08-05,1983-12-15,1982-07-19,593
13264,615,1988-06-21,2016-05-12,2008-10-21,594
13334,26,1994-02-18,2012-02-01,1997-07-25,595
19866,1544,1984-07-08,1982-04-20,1997-04-20,596
12714,1573,1991-10-20,2020-10-24,1997-02-04,597
10847,63,2017-06-29,2015-08-12,2021-11-06,598
8562,448,1977-12-28,2010-06-23,1975-08-08,599
6471,1686,1980-12-14,1990-12-06,1998-07-17,600
17971,1004,2013-12-26,2011-09-08,1985-09-08,601
784,54,2005-04-03,1982-11-06,1980-10-19,602
4429,119,2015-02-14,2010-03-18,2010-08-20,603
14681,1693,1981-05-05,2020-01-24,2015-09-02,604
7753,1168,1980-08-17,2010-04-04,1974-11-15,605
17975,1300,2016-05-21,2021-12-05,1977-12-09,606
6773,1690,1985-12-13,2002-10-14,1999-11-03,607
12882,380,2005-02-19,1999-07-02,2011-07-02,608
335,517,2018-12-07,2018-02-21,2017-01-28,609
18132,179,2019-07-08,1985-10-06,2008-12-10,610
12989,1523,1998-08-08,2005-07-31,1973-11-28,611
18222,1048,1974-01-21,2021-06-25,2004-05-18,612
190,1583,1980-01-22,2016-06-14,2009-08-11,613
15939,1396,1974-08-15,1984-05-03,1987-04-05,614
11320,1110,2006-10-02,1982-02-13,1989-07-22,615
6493,1214,1978-01-18,2019-05-29,1999-11-26,616
2900,1034,2008-10-21,1992-11-17,2014-08-19,617
9666,579,2001-08-03,2004-01-25,1975-12-31,618
1030,1934,1987-11-04,2003-11-12,1999-07-06,619
7823,1526,2007-09-08,2014-04-16,1994-04-08,620
17057,574,2016-05-11,2001-05-28,1978-06-08,621
2701,1819,2003-08-28,1985-03-13,2019-10-12,622
16198,1195,1990-11-22,2005-06-09,1978-02-03,623
15909,1063,1975-02-26,2000-08-23,1997-05-29,624
15262,1560,1994-04-27,1980-05-16,1984-07-17,625
15427,774,1980-05-03,1996-07-30,1982-03-21,626
2602,942,2019-08-05,1974-06-14,2018-07-30,627
5136,516,1982-02-17,1998-05-27,2017-03-30,628
14732,537,1978-02-24,2009-02-17,2014-06-13,629
13356,713,2013-04-23,2021-02-20,1988-09-01,630
11669,1930,2000-05-29,2010-10-29,2022-02-21,631
19848,1242,1980-05-10,1974-03-02,2006-04-06,632
17967,1386,2014-10-31,1995-01-31,1999-02-16,633
12578,119,1993-04-12,1994-05-08,1994-08-30,634
2313,859,2016-08-08,2003-04-15,1992-10-26,635
7780,1287,2018-03-05,2021-09-27,2010-07-23,636
17209,132,1980-06-24,2006-06-15,2019-12-31,637
17793,1334,1987-03-18,1986-07-11,1987-05-12,638
9072,623,2016-01-13,1991-02-27,1982-03-07,639
12642,517,2020-05-29,1996-07-23,1991-11-27,640
9869,7,2018-06-29,1980-02-25,1978-12-04,641
9176,457,1990-10-18,2009-05-08,2008-03-07,642
8045,5,1993-05-06,2006-09-03,2015-10-06,643
15059,1551,2004-11-04,2002-11-18,1983-01-12,644
10976,1577,1994-01-27,2019-08-24,1982-04-14,645
4386,1352,2005-01-13,1992-06-06,2001-11-13,646
16598,1338,1979-07-27,1973-11-06,1999-07-22,647
1967,460,1986-05-03,1974-11-19,2018-06-04,648
7907,608,1973-08-01,2016-07-15,1984-05-24,649
10487,1353,1987-01-15,1976-08-21,2012-03-19,650
16888,1907,1993-04-02,1995-09-25,2018-01-07,651
3025,847,2015-09-11,2006-07-14,2002-01-20,652
17623,1162,2010-07-11,1998-09-22,2011-12-28,653
5582,1637,2004-07-31,2001-09-14,1986-05-05,654
6317,1725,1977-03-08,1993-02-11,2021-01-04,655
132,337,1974-09-03,1985-09-13,2001-03-10,656
6982,307,2022-02-25,2013-02-16,2001-09-23,657
6265,461,2003-04-18,1989-06-15,1988-09-01,658
6834,1632,2018-05-12,2009-09-16,2018-04-08,659
5003,1050,2009-07-29,1974-01-27,2004-02-09,660
1833,1651,1987-07-02,1976-03-30,1983-10-09,661
3401,339,1990-05-25,2011-12-11,1995-01-25,662
35,1414,1993-08-09,1992-05-06,1974-11-22,663
8418,188,2009-03-03,1982-06-29,2007-06-04,664
19226,881,2005-03-20,2006-09-09,1989-07-12,665
7615,1542,1997-01-12,1984-03-14,1985-11-21,666
1636,68,2019-05-01,2006-04-03,2019-03-24,667
8778,1178,1981-03-15,1984-01-04,1981-07-10,668
19724,1266,1994-12-07,2021-11-30,1975-05-03,669
3526,559,2013-12-10,2002-01-25,2015-07-21,670
4278,738,1996-10-06,1991-06-17,1983-04-15,671
12681,130,1978-09-14,2002-02-07,1999-03-13,672
5099,1264,1986-11-01,2008-07-11,1991-10-17,673
6813,1866,2022-01-09,2012-01-10,1996-10-30,674
2255,1113,2007-10-28,2020-05-03,1975-06-21,675
14517,392,1989-05-15,2013-05-05,2016-06-26,676
3038,1349,2010-04-02,2005-03-27,2021-08-21,677
8089,949,1992-11-04,2015-07-26,1999-03-09,678
13108,201,2007-06-23,2012-07-02,1982-12-17,679
4998,215,1997-06-15,2001-12-04,1984-11-09,680
7135,130,2007-07-18,2011-02-28,2002-03-01,681
3409,1045,2013-11-30,1977-06-05,1985-03-31,682
19645,792,2008-05-19,1997-09-25,1984-04-14,683
16617,1680,1987-11-14,2020-11-12,1982-01-18,684
18090,1746,1989-11-24,2019-12-24,1986-07-16,685
17861,666,1998-02-18,1994-08-09,2006-04-13,686
3380,127,2000-07-03,1985-03-04,1998-03-25,687
4139,1052,2004-11-17,1992-11-12,2004-11-27,688
3678,1530,2005-06-19,2007-01-14,1976-06-27,689
14710,1879,2004-01-28,2012-06-26,1997-05-13,690
9128,1123,2010-09-18,1975-11-04,2014-06-15,691
5877,216,1974-06-13,1991-12-01,1998-11-16,692
2317,1097,1997-03-03,2015-02-03,2005-04-02,693
7830,16,1996-05-27,1978-08-25,2017-10-02,694
11426,116,1980-02-18,2000-01-13,1999-10-12,695
14265,752,2021-11-21,2004-11-02,1982-01-25,696
15768,1879,2002-06-26,1990-12-29,2013-10-31,697
12343,634,1983-05-03,1986-05-28,1992-09-19,698
8733,25,1982-11-15,1979-08-01,1999-04-28,699
18275,657,2003-07-31,2019-07-12,2001-05-07,700
10155,1101,1974-08-20,2019-08-31,1973-09-18,701
18056,54,2010-12-28,1989-10-16,1983-04-23,702
4689,283,1982-08-17,1976-05-14,2011-12-01,703
12355,125,1972-11-28,2004-09-25,2000-12-06,704
12981,493,2019-08-01,1999-08-04,1982-11-01,705
12683,1079,2021-08-05,2006-11-11,2010-04-03,706
8920,1605,2011-08-08,2004-08-17,1986-05-18,707
17230,721,1983-11-05,2000-05-17,2020-05-25,708
2188,1057,2005-07-16,1996-06-05,2011-06-24,709
10279,1815,2004-09-04,2003-03-27,1979-09-23,710
1732,334,1996-10-31,1989-10-05,1990-05-15,711
11446,1735,2003-08-17,2002-10-08,2016-07-10,712
5529,478,1976-09-30,1992-11-16,1999-12-28,713
12463,1789,1989-02-23,2000-12-23,1994-01-10,714
16834,710,1980-08-13,1990-09-28,2007-10-21,715
9077,1627,1984-12-14,1996-02-13,2009-08-10,716
9731,892,1975-01-11,1988-10-20,1982-07-26,717
10278,1444,1981-03-17,1980-09-17,1986-02-28,718
9935,1711,1980-05-25,2016-07-08,1990-07-08,719
19403,1805,2010-09-03,2006-05-15,1988-11-11,720
16171,876,1979-06-23,2012-03-16,1982-12-24,721
14822,1344,2012-03-18,1996-09-05,2013-05-31,722
14848,290,2010-12-17,2011-07-27,2004-12-06,723
8026,1317,1991-09-05,2017-10-08,2004-12-02,724
12663,1026,1983-03-21,2006-10-14,1984-04-12,725
7009,1627,2003-09-10,2010-06-29,1980-07-02,726
13520,727,2017-06-20,1995-04-24,2019-11-10,727
14333,598,2007-06-23,1986-10-21,2008-09-16,728
4941,785,2002-08-06,1997-01-27,2018-07-01,729
11387,1528,1997-09-12,1986-09-24,1998-06-26,730
12368,120,2012-06-14,1981-11-22,2008-03-28,731
8446,832,2006-11-08,1973-04-03,2014-02-25,732
9744,922,2020-03-18,2011-08-27,1980-09-24,733
10995,1830,1980-03-21,2003-07-12,2008-08-03,734
3310,1818,2007-10-22,1990-10-27,1976-08-24,735
9167,1145,2006-04-04,1997-05-23,1982-09-30,736
11334,522,1991-07-27,1977-02-05,2010-02-09,737
13639,222,2019-11-06,1984-07-11,1999-11-13,738
3367,0,2005-04-10,2015-06-11,1989-08-28,739
571,1914,1979-01-02,2000-08-19,1986-07-15,740
16865,1823,1993-11-22,2018-06-26,1973-01-18,741
16565,1579,1989-01-06,2018-05-28,2016-12-12,742
15560,1814,2005-01-30,1992-02-27,1995-09-27,743
8794,1026,2005-01-14,2016-01-17,1973-02-03,744
6198,379,1977-01-05,1986-08-12,1994-03-16,745
5396,1394,1972-08-03,2016-01-02,1984-11-20,746
4875,940,1991-11-17,1973-01-28,2019-01-28,747
15907,631,1979-11-14,2010-04-23,1977-05-15,748
9245,1499,1976-12-17,2019-04-04,2021-11-20,749
10821,601,1997-01-19,2014-04-24,2007-03-28,750
13332,50,2013-01-28,1981-08-22,1975-08-28,751
13017,918,1989-06-22,2021-01-22,2022-01-16,752
12756,133,1990-11-17,2009-12-15,1985-01-22,753
16081,879,2005-10-15,1993-06-07,1983-06-07,754
19925,1745,1981-07-21,2004-11-17,1984-12-28,755
3978,29,1977-09-08,1999-01-12,2011-06-30,756
12619,1664,1985-02-24,1997-07-05,1994-09-27,757
8619,547,1984-10-08,2000-06-29,1995-01-10,758
14048,1377,1980-06-27,1984-12-30,1989-07-31,759
13783,960,2017-10-02,1979-02-26,2019-01-24,760
6058,1982,2018-02-16,1972-08-16,1988-06-12,761
788,1604,1990-07-03,1986-03-30,1995-01-12,762
18177,470,1982-04-15,2011-05-01,1994-08-23,763
12223,141,1993-06-18,2008-12-12,1992-12-23,764
9970,629,2005-04-02,1982-11-02,2012-11-08,765
8427,960,1991-09-15,2000-01-16,2006-07-08,766
10808,657,1988-02-26,2006-06-21,2006-04-06,767
1892,747,2006-01-26,1986-01-26,1975-06-20,768
1110,1267,2002-06-08,2011-12-12,2008-03-30,769
10299,301,2009-08-19,2003-05-18,2006-09-09,770
17375,1755,1996-06-20,2001-06-03,2013-05-19,771
9076,145,1996-10-02,1988-07-19,1986-06-23,772
3112,1266,1993-03-05,2013-02-26,2006-05-01,773
7065,1897,1975-09-19,2015-10-13,1979-01-31,774
9352,285,1976-04-07,1995-10-01,1988-11-02,775
19331,1949,2005-02-26,2021-02-11,1980-10-06,776
17022,28,2013-04-21,1975-08-19,1997-08-19,777
19153,1483,2002-12-14,1999-03-04,1991-03-18,778
9676,1239,1995-06-03,1986-01-20,2001-04-07,779
9652,1360,1994-02-02,1977-10-19,2000-07-26,780
5847,1789,2018-01-31,1982-12-11,1987-03-20,781
11025,1388,1984-01-08,1986-12-10,2018-06-21,782
18054,200,2022-02-23,2013-09-23,2014-05-03,783
392,1653,1999-06-19,1979-08-06,2004-07-18,784
3205,844,2002-07-09,2015-05-18,2013-02-23,785
13485,1344,2003-11-15,1979-08-12,1986-10-12,786
5205,442,1983-01-30,1990-06-26,2000-09-06,787
5365,1508,1991-11-27,1992-06-30,1986-09-01,788
9309,1010,1998-07-18,1975-07-27,1992-04-24,789
13660,1748,1983-04-18,1974-04-05,1990-11-18,790
13152,775,2001-11-23,2014-12-09,1992-09-21,791
13439,772,2016-11-06,1979-03-17,2014-10-15,792
8857,1738,1991-12-21,2004-08-23,1979-11-07,793
10241,1022,2003-07-15,1990-10-23,1978-02-18,794
10265,1598,1993-03-15,2020-06-01,1985-03-20,795
14430,281,1994-10-08,2004-07-06,1980-01-09,796
8032,1776,1975-06-30,1985-10-07,2020-09-12,797
6329,19,2004-11-15,1991-07-09,1988-09-30,798
9176,458,1988-03-07,2001-12-01,2009-03-19,799
9337,120,2018-01-08,2012-06-25,1986-09-29,800
19443,1488,2007-04-16,1977-11-27,1987-04-10,801
1714,31,2019-09-25,2014-09-10,2015-05-04,802
14539,447,2002-07-06,2004-04-25,1997-07-31,803
9712,1002,2004-01-30,2011-05-24,1989-03-11,804
16631,98,1976-02-15,2009-04-10,1980-05-17,805
9705,221,1986-10-11,1986-04-07,2007-08-31,806
17812,1216,2003-09-08,2003-02-13,2014-08-18,807
15947,1996,1973-03-20,1995-08-23,2005-04-05,808
17395,931,1988-08-25,2006-05-31,1984-03-14,809
885,672,1985-10-26,2020-03-13,1993-06-02,810
7481,704,1979-07-29,2022-04-13,1992-03-12,811
19435,1855,2014-06-19,2002-01-13,2020-01-08,812
19456,1884,2015-06-17,1993-04-07,2002-07-01,813
1802,935,1979-08-04,1984-08-12,1990-11-05,814
12909,975,1997-02-15,2015-06-24,2014-11-21,815
13262,1670,2000-11-18,1985-03-16,2010-11-06,816
14465,1927,1996-09-26,1991-03-28,1977-09-24,817
982,352,1988-07-20,2006-05-30,1998-05-01,818
9180,1226,2013-08-01,2008-02-18,1998-11-07,819
19643,909,2002-08-14,1991-03-24,2000-07-04,820
1547,1832,1998-02-23,2013-10-13,2017-01-07,821
15483,310,2020-03-01,2007-04-02,2020-03-31,822
4050,1953,2021-04-04,1976-09-22,1981-05-31,823
5467,928,2012-11-02,2018-05-03,1999-01-05,824
17011,1011,2009-04-13,2014-12-01,2003-09-25,825
11327,914,1997-12-07,2009-05-06,1976-01-09,826
9767,1887,2001-01-26,2004-03-18,1983-02-17,827
17661,221,1977-01-28,1993-04-29,2016-08-10,828
7873,1622,1985-02-28,2009-10-23,1983-09-29,829
18570,811,1984-09-12,1985-06-13,2016-04-24,830
10354,478,1995-01-13,2004-11-01,2001-04-22,831
19542,634,2013-08-04,1995-11-29,1989-04-14,832
1167,62,1984-01-10,2006-11-16,1983-08-03,833
7932,1872,1979-05-23,1990-04-09,2017-12-23,834
3342,1882,1987-04-07,1988-05-07,2001-09-16,835
1550,1736,2022-04-24,2010-04-26,1995-01-25,836
19587,1285,2000-01-03,2000-10-18,2008-05-30,837
5983,984,1976-06-22,2010-10-29,2008-07-22,838
15253,517,2004-11-09,1977-06-04,2006-11-15,839
8993,1320,2010-05-25,1988-10-13,1982-04-04,840
14738,1406,1975-07-16,2005-06-13,2005-06-25,841
1343,718,1986-02-22,1988-07-27,2008-09-24,842
3221,1141,2009-10-14,2019-08-29,1992-10-11,843
3894,356,1983-11-15,2015-03-13,2004-02-22,844
12116,1398,2018-01-24,1983-02-27,1981-05-13,845
15505,26,1978-03-19,1985-11-23,1978-07-10,846
1471,1505,1984-02-29,1976-06-17,2014-09-19,847
2914,1836,1972-10-25,1986-05-16,1996-03-20,848
9967,1180,1992-11-05,1990-10-29,1987-11-22,849
10742,1988,1972-10-12,2014-08-10,1984-05-15,850
4258,1689,2018-02-24,1979-07-04,1986-09-30,851
14880,1581,1981-03-20,1979-03-08,2015-04-28,852
3872,825,2018-08-16,2017-09-19,2004-09-15,853
4129,828,1982-02-24,1974-10-29,2021-05-10,854
9702,909,1987-10-31,2005-10-01,1998-05-03,855
1245,1949,1982-03-20,1988-10-08,1978-09-07,856
377,733,1982-08-19,2018-08-16,1989-03-15,857
2105,1503,1991-08-26,2017-05-07,2003-12-17,858
8161,613,1993-02-26,2008-01-03,2014-11-18,859
4652,473,1978-07-12,2011-08-31,1973-01-02,860
7690,658,2006-08-25,2005-10-29,2010-02-21,861
10910,216,2020-10-13,2017-06-28,1987-10-15,862
8202,1967,2021-02-02,1972-12-01,1989-09-17,863
19383,1965,2018-06-25,2007-12-22,1990-11-07,864
17872,359,2011-11-14,1978-05-08,1992-11-22,865
5267,1779,1972-11-13,1972-12-17,1979-04-28,866
16922,660,1989-01-12,1997-04-08,2000-01-11,867
626,1603,2001-12-31,2019-03-05,1980-05-14,868
4960,1691,2021-01-20,2008-12-25,1980-09-13,869
5351,519,1984-02-10,2019-01-08,1996-12-12,870
11066,126,2008-01-22,2018-02-17,1989-03-24,871
15533,151,2003-04-06,2019-08-09,1974-03-28,872
16485,1791,1977-05-06,2007-02-28,2007-07-28,873
14127,35,2022-01-10,1984-06-17,1980-04-26,874
4594,1918,2002-06-28,2016-10-01,1982-07-29,875
14442,1751,1991-03-22,1994-08-11,2005-08-14,876
19237,1266,2010-10-11,2008-03-09,1995-12-16,877
4807,348,1994-04-19,1992-04-06,1987-04-17,878
16907,1473,2001-06-09,1996-11-28,2005-11-25,879
5205,1554,1983-01-25,1983-12-10,2003-01-05,880
6295,793,2016-08-20,2019-01-12,1993-09-17,881
983,1220,1990-02-27,1997-12-26,2009-07-05,882
5472,311,1999-09-17,2013-07-16,2018-05-28,883
1870,897,1997-12-05,2010-07-29,1990-10-27,884
9771,1918,2015-03-27,2005-04-20,1977-12-21,885
10678,62,1997-11-10,1981-07-13,1980-01-18,886
16956,1427,1999-01-02,2004-11-12,1994-09-01,887
18608,1942,1983-01-10,2008-05-23,1987-05-31,888
13623,1617,1997-09-12,2013-08-19,1990-10-25,889
5901,1950,2020-05-04,1998-08-26,1975-11-10,890
18407,1469,2002-05-24,2017-04-21,2021-01-16,891
17147,159,2005-09-17,1985-12-29,1995-11-01,892
13554,835,2019-11-08,1989-08-19,2002-01-01,893
4413,314,2003-09-06,2014-10-17,1973-12-14,894
2727,1256,1989-11-10,1980-05-25,2005-12-27,895
9076,35,2015-03-28,2003-02-11,1989-05-17,896
4090,58,2016-07-18,1996-04-08,1982-12-14,897
6002,1494,1977-08-29,1991-03-27,2013-07-13,898
5568,491,1982-08-27,1983-08-15,2010-03-19,899
7114,1517,1990-11-27,1974-06-20,1978-10-24,900
15565,264,2014-08-26,1985-02-23,2017-03-21,901
2219,1627,1999-02-10,2006-08-28,1973-10-09,902
2168,510,1974-12-11,2000-11-25,2001-08-14,903
14420,1439,2009-08-16,1996-09-02,1986-05-26,904
178,679,1989-09-21,2021-09-08,2021-03-29,905
13253,1727,1986-01-13,2014-10-15,2001-11-12,906
14395,1207,1992-12-31,2003-11-17,1984-12-10,907
15283,298,2022-01-12,1976-01-17,2000-01-19,908
6046,1909,2013-07-16,1982-02-03,2006-11-17,909
18385,186,2016-02-10,1999-11-21,2021-08-26,910
10831,379,2019-10-29,1986-03-05,1996-11-02,911
1194,17,1980-01-08,1999-04-10,1975-07-17,912
11614,647,2021-10-25,1999-12-13,1984-04-16,913
17995,1107,2014-02-25,2000-05-09,2020-07-06,914
11775,1813,1981-01-29,1977-09-13,2019-01-20,915
4878,1295,1983-11-04,2003-05-24,2004-06-22,916
5819,860,2009-12-02,1982-01-03,2016-08-19,917
19704,288,1980-01-15,2005-01-13,1976-06-17,918
5154,452,2017-11-15,2010-09-17,2016-07-20,919
19992,634,1972-09-18,2014-07-04,2021-11-23,920
14516,1180,1992-06-02,1984-12-19,2017-10-29,921
18578,1678,2019-10-09,2007-07-13,1982-06-30,922
16492,1029,1991-01-28,2016-01-23,2012-04-15,923
8210,670,2010-04-21,1989-07-23,1999-02-19,924
14926,708,1996-04-06,1985-12-05,2017-10-20,925
18021,834,1976-03-29,1981-10-04,1998-05-15,926
433,853,2013-11-23,2004-06-05,1989-11-11,927
6599,674,2004-01-12,2002-06-08,2017-09-01,928
1180,1410,1977-06-22,2019-09-07,2002-04-10,929
9933,1186,1990-03-29,2008-11-10,2016-01-20,930
3351,1812,2003-11-03,2009-01-02,2005-08-20,931
9359,783,1992-05-03,2004-02-07,1981-12-11,932
4462,581,1993-04-18,1981-09-14,1974-04-14,933
880,693,1997-10-10,2022-01-06,1975-08-28,934
6068,977,1992-05-18,1977-04-04,1987-10-20,935
13009,1408,1988-03-25,2016-10-11,1995-12-31,936
16515,1933,1987-09-20,1981-10-17,1984-06-17,937
15285,9,2009-01-31,1983-02-17,2002-02-07,938
19061,349,2010-01-23,1993-02-03,1987-01-01,939
17141,753,2014-05-05,2005-05-14,2007-05-04,940
9696,994,2020-05-10,2014-03-27,2010-09-18,941
15929,911,2015-01-16,1979-10-14,2020-07-08,942
13995,594,2006-09-03,2005-03-17,2021-06-25,943
6932,1708,2004-04-04,1998-10-04,2017-09-26,944
9383,1713,1973-04-16,2010-10-08,2010-08-26,945
4144,1209,1984-07-09,1972-10-28,1973-07-27,946
4676,1533,1981-06-28,1988-07-18,2000-12-22,947
15671,1702,2020-05-21,2004-04-16,1999-01-26,948
4879,221,1983-09-13,2007-01-05,2014-05-29,949
6628,820,2015-01-11,1979-03-15,2002-12-13,950
17830,1320,1985-01-25,1990-05-12,2010-01-06,951
1714,1639,1978-04-14,1972-11-14,1972-05-17,952
5173,1058,2003-06-04,1989-04-18,1978-08-26,953
6484,173,1983-09-08,2014-02-16,1993-05-04,954
8787,809,2000-02-27,2000-09-16,1987-03-23,955
13973,1695,1984-09-03,2012-10-27,2021-12-06,956
18483,1404,1987-11-08,1981-05-07,1997-01-24,957
16685,91,1980-06-14,1981-01-20,1994-07-04,958
15492,1407,1986-08-11,2013-05-30,2022-04-19,959
18439,1327,2012-01-06,2004-12-19,2021-08-27,960
7587,471,1996-12-31,1995-03-02,2016-10-08,961
6611,1303,2017-08-06,2015-12-17,2008-09-13,962
9286,1810,2007-09-27,1983-04-12,1978-12-31,963
18430,1523,2013-06-28,1982-12-24,2020-01-27,964
10754,1928,1978-07-08,1975-04-13,2005-08-20,965
18265,996,2017-04-04,1989-05-09,1977-05-23,966
14259,847,2015-01-28,2019-02-05,2021-05-09,967
1520,1895,2000-06-03,2010-04-04,1992-10-12,968
1979,349,1991-04-01,2002-04-08,1976-03-11,969
10024,915,1974-06-23,1992-04-16,1997-06-22,970
17782,658,1996-09-20,1982-06-16,1976-10-27,971
16240,218,2003-05-10,1988-07-14,1981-06-07,972
12655,95,1996-03-10,1975-06-22,1986-11-01,973
14855,209,1974-12-18,1988-09-30,2011-10-10,974
15517,1253,1972-05-21,2012-05-11,2021-10-09,975
3932,1576,2016-10-28,2000-03-30,1983-12-07,976
9723,171,2006-04-16,1987-05-04,2012-10-11,977
3283,1795,2004-04-16,2014-04-17,2007-12-21,978
8588,1540,1974-08-29,2014-12-16,1983-02-28,979
6352,1459,2009-06-20,1980-04-24,2017-08-03,980
10555,1732,2009-08-17,1974-08-08,1998-05-03,981
19317,1265,1991-01-14,2017-03-30,1976-07-28,982
13895,187,1978-06-28,1998-07-14,1992-05-19,983
978,368,1978-06-15,1990-06-04,2014-06-07,984
4309,1017,1981-05-18,2001-04-02,2015-03-02,985
1940,1637,2020-12-31,2003-12-04,1978-09-19,986
18922,705,1978-08-02,1978-01-10,1983-04-22,987
5642,1855,2022-02-26,2011-10-01,2019-04-28,988
16792,247,1982-09-23,2018-10-25,1991-09-26,989
14915,1313,1975-05-29,1975-10-30,2006-01-04,990
15039,445,1984-04-02,1977-06-15,1994-05-01,991
4682,468,1990-09-29,2011-07-12,2004-08-20,992
3078,999,1989-07-20,2015-06-24,1974-05-31,993
1647,774,1986-08-11,1993-11-07,1974-10-23,994
14541,728,1988-06-30,1999-03-04,1995-06-15,995
2787,1100,1975-11-13,2003-08-12,1972-06-26,996
1828,1222,2009-07-09,2004-12-13,2019-09-15,997
9743,1393,2002-05-10,2013-08-04,1978-03-15,998
9584,252,1983-11-25,1991-10-07,2001-10-21,999
5065,1665,2014-04-13,1981-03-19,1981-05-28,1000
15089,1542,1990-07-06,2012-11-14,1972-11-28,1001
2363,416,2007-12-02,2015-08-12,2009-03-29,1002
5048,785,2002-08-01,2004-01-29,2003-01-22,1003
8399,422,2006-08-07,1979-04-25,2011-06-10,1004
9365,609,1986-06-01,1988-05-15,2003-04-05,1005
9191,935,1974-05-13,1994-11-15,1999-10-31,1006
7756,1244,1999-03-25,1999-05-03,1997-06-26,1007
17126,159,1973-04-15,1973-03-05,2005-11-07,1008
11158,303,2000-08-18,2001-10-18,1984-01-30,1009
1997,362,1987-08-30,1989-01-12,1998-01-25,1010
370,1703,1979-01-09,1996-12-05,1987-11-05,1011
4435,1761,1996-01-19,1984-03-13,1997-08-21,1012
7422,33,1976-11-24,1991-03-14,2011-05-09,1013
15274,968,2019-02-05,1976-02-16,2020-07-28,1014
2556,1857,2003-03-20,2018-10-22,1990-02-18,1015
1802,748,1981-03-07,2013-09-14,1993-12-04,1016
18086,640,1975-01-11,1989-03-14,1987-09-27,1017
16259,263,2006-01-18,2014-07-31,1980-04-26,1018
9125,827,1989-06-16,1990-04-13,1977-07-10,1019
13500,1341,2019-06-23,2008-09-04,1989-04-01,1020
4481,486,1986-02-09,1993-08-29,1988-02-07,1021
10446,1643,1987-08-19,2013-12-22,2009-10-11,1022
8599,1349,1978-07-24,2004-07-26,1980-05-14,1023
15211,1407,2007-09-16,2021-02-12,1986-08-01,1024
9598,818,2017-12-09,1990-03-18,1980-05-02,1025
18755,1363,1975-12-23,1994-05-16,1996-02-14,1026
10876,1557,1996-04-10,1987-06-24,1988-06-14,1027
2750,1910,2008-01-24,1983-01-13,1993-09-18,1028
16157,803,1973-03-07,1984-03-03,1974-06-03,1029
12284,1186,1987-01-05,1976-02-28,2004-08-31,1030
17789,987,1997-10-03,2021-11-26,2007-03-14,1031
311,1798,2011-10-10,2013-02-26,2007-10-15,1032
10638,757,2001-12-21,2001-08-18,1975-08-12,1033
11324,94,2001-05-15,1999-11-29,1989-02-12,1034
10457,1664,2008-11-05,2005-04-03,1983-06-01,1035
8961,1299,2008-01-31,2002-10-16,1999-03-28,1036
15200,1434,2013-06-16,1974-04-03,1987-03-25,1037
17415,1338,1989-12-29,1977-09-28,1975-07-29,1038
1094,1260,2016-01-28,1989-11-29,2015-03-27,1039
18366,1900,1973-08-11,2010-08-05,1974-02-22,1040
17040,514,2008-12-09,1975-06-25,1987-11-19,1041
8827,1134,1993-06-04,1988-04-06,1984-05-26,1042
11540,1009,2006-05-22,1999-05-23,2017-11-28,1043
14612,1319,1986-08-25,2002-12-19,1992-09-24,1044
9528,365,2000-11-23,1974-08-26,1994-03-21,1045
2926,1807,2021-04-08,2019-04-02,2011-06-18,1046
10797,1548,1996-08-28,1985-07-13,2008-10-17,1047
8205,883,2011-07-02,1999-12-23,1984-05-07,1048
1294,727,2017-04-01,2006-11-16,2008-01-24,1049
2481,730,1973-01-31,1994-10-20,1977-12-30,1050
13450,318,2005-10-15,1992-09-07,1979-03-12,1051
13607,1382,2004-08-23,2004-11-10,2012-04-20,1052
16186,1799,1989-03-30,2014-10-25,2008-08-17,1053
4786,1900,2003-08-23,1980-02-11,1995-01-21,1054
6443,657,1986-06-03,1974-09-19,1976-12-27,1055
10960,1399,2009-07-06,1996-02-26,1975-08-26,1056
3568,892,1988-08-11,1983-07-18,1991-05-18,1057
1925,705,1977-05-02,2007-11-08,1989-05-05,1058
3787,1670,1975-06-03,1991-04-07,2014-01-07,1059
17053,751,1973-12-20,1999-09-11,1979-02-27,1060
618,307,2015-10-28,1997-12-14,2007-03-18,1061
17799,561,2008-04-19,1992-09-01,2008-03-05,1062
7782,923,1992-06-09,2017-06-06,2012-06-30,1063
4358,80,2015-05-22,2017-03-10,2007-03-14,1064
8071,1690,2014-05-20,1988-07-30,1984-10-28,1065
9134,1086,2017-09-15,2011-12-27,2017-06-22,1066
2786,1955,2013-02-26,1987-07-17,1996-06-14,1067
14422,1962,1977-12-27,2016-07-19,2005-05-14,1068
15293,1135,2008-10-01,2009-04-25,2009-03-08,1069
6174,1383,2016-03-18,1988-02-05,2004-05-14,1070
19687,475,2003-01-10,2009-10-16,2015-10-05,1071
704,1913,1995-09-13,1980-07-16,2020-05-30,1072
12688,1407,1983-08-17,2016-11-06,2016-03-07,1073
19677,1489,2000-03-30,2011-02-07,2015-03-20,1074
16050,1977,1979-08-02,1986-04-13,1988-11-09,1075
17473,1982,2015-05-04,1995-12-28,1973-10-21,1076
17829,122,2015-02-22,2004-04-02,2002-12-21,1077
2553,37,1974-03-25,1991-02-11,1980-08-05,1078
18536,254,1986-01-28,2004-09-12,1986-12-14,1079
7296,683,1999-02-05,1997-08-01,1996-07-28,1080
10695,380,2009-04-11,1994-12-02,1981-08-16,1081
14348,161,2005-12-23,1982-01-01,1980-08-09,1082
4097,1861,2000-07-29,1982-09-29,1990-06-17,1083
14660,1565,1996-07-19,1994-11-21,1986-12-26,1084
54,534,2008-01-12,2014-03-24,1977-07-22,1085
14,959,1986-11-06,2019-09-20,2017-09-18,1086
13588,986,1985-01-18,2016-06-01,1972-06-25,1087
19378,857,1976-09-21,2014-09-02,2006-06-12,1088
19922,1458,2022-02-06,2003-11-15,2004-12-06,1089
15538,932,1977-04-23,1990-10-21,2011-12-01,1090
11717,358,2014-05-17,1978-03-23,1979-09-03,1091
12532,806,2017-12-09,1991-07-17,1976-12-21,1092
4358,226,2007-08-31,1988-06-18,1988-09-20,1093
2355,723,1993-03-23,2018-08-26,1998-12-15,1094
14651,1941,1989-10-16,2017-12-23,1995-10-03,1095
2932,711,1994-09-01,1994-08-19,1984-10-05,1096
8300,1987,1997-12-25,1986-03-19,2009-07-09,1097
1160,737,1994-12-29,2005-03-21,1981-11-09,1098
5752,1946,1979-10-11,2014-12-28,2004-06-05,1099
10491,762,2009-12-12,2021-08-03,1991-01-17,1100
7773,1628,1974-03-27,1978-10-13,2001-02-02,1101
8818,513,2007-03-28,1997-07-19,1975-04-20,1102
3398,1801,1973-07-21,2001-05-11,1994-05-10,1103
19351,725,2014-08-13,1978-10-07,2013-12-12,1104
5792,23,1980-06-12,1987-10-16,1998-07-02,1105
5241,1514,1986-07-01,1981-09-22,2018-06-20,1106
8553,772,2017-06-29,2013-07-04,1979-03-09,1107
9417,120,2005-05-05,2017-08-29,2008-02-14,1108
10115,246,1986-07-13,2022-02-17,2006-06-28,1109
1014,357,1993-03-28,1997-10-26,1980-01-21,1110
3797,70,2014-08-08,1999-03-20,1993-09-30,1111
4580,1314,1989-12-21,2019-07-17,2015-07-21,1112
4881,209,1999-07-29,2016-03-19,2021-03-09,1113
6861,755,1995-02-17,1974-02-02,1986-06-01,1114
4611,1318,1986-11-20,2020-10-06,1979-08-09,1115
9600,66,1998-08-17,1998-09-18,2005-11-26,1116
11297,98,1993-10-05,1991-09-22,2019-01-17,1117
5190,95,1987-08-12,2007-06-21,2022-01-21,1118
6428,1357,2008-01-25,1983-10-02,1983-01-19,1119
5925,861,1978-02-26,2020-01-21,1986-08-07,1120
14671,1177,2000-07-08,1987-03-02,2017-07-19,1121
12342,1015,1985-02-05,1982-01-06,1986-08-05,1122
7529,1579,1977-05-27,1992-03-03,2013-10-19,1123
5175,495,2016-07-29,1997-09-17,1972-06-13,1124
15731,669,1981-11-29,2009-10-15,1976-04-01,1125
9253,1478,1981-10-31,2014-10-12,2005-05-21,1126
10921,1207,1999-03-12,1978-02-11,2009-06-07,1127
7466,422,2019-05-15,2008-02-06,2020-07-09,1128
4527,1107,2004-09-09,2003-08-01,1973-07-11,1129
11297,939,1980-03-13,1998-12-30,1985-05-23,1130
11655,812,2002-08-21,1985-02-16,1988-08-16,1131
16607,1618,2002-11-16,2014-03-27,2006-09-18,1132
4509,131,1998-04-28,1990-06-20,2015-08-25,1133
3573,1146,2013-05-29,1998-08-25,2018-10-20,1134
10994,1439,2010-10-10,2006-03-06,2019-04-07,1135
19746,1947,2019-02-03,2002-04-27,1990-08-19,1136
1404,1082,1973-11-17,1994-02-16,2008-03-22,1137
19125,445,1999-10-30,1995-07-01,2011-12-15,1138
5707,616,1997-04-13,1986-10-22,1972-09-03,1139
13660,1967,2009-02-24,1985-11-21,1980-10-29,1140
19799,987,2012-05-24,2014-08-24,2012-08-14,1141
13493,1053,2018-02-16,2017-03-22,2017-03-10,1142
10064,1253,1998-12-25,2010-09-08,1985-06-27,1143
14841,1393,1995-08-30,2001-03-26,1995-08-20,1144
6001,1719,1987-11-02,1977-01-10,2016-01-11,1145
13001,639,1994-12-02,1977-07-25,1980-04-13,1146
18487,1732,1991-09-22,2002-09-14,2009-06-01,1147
4977,941,2000-05-16,1982-08-30,1995-08-31,1148
7332,522,2002-07-15,1994-05-22,2016-08-22,1149
8495,1983,2000-09-17,2007-10-21,1997-08-02,1150
16337,511,1982-04-06,2013-08-05,1976-06-27,1151
9289,1062,1974-06-16,1982-06-05,1974-10-11,1152
921,856,2004-11-22,1986-01-20,2019-06-28,1153
6185,854,1981-08-30,1991-04-23,1980-03-22,1154
10711,244,2015-03-26,1994-02-17,2002-01-12,1155
3149,1788,1991-12-23,2017-11-22,2013-05-02,1156
17122,537,2020-05-18,1996-12-02,1972-05-22,1157
15322,86,1999-04-22,2004-05-11,1985-02-13,1158
18707,755,1983-06-19,1998-06-14,1973-11-20,1159
904,333,2011-08-07,1993-05-01,2001-10-08,1160
6884,1111,1992-02-24,2012-10-13,2007-11-03,1161
5455,1492,1976-03-23,1982-12-28,1972-11-08,1162
15541,620,1995-10-09,1982-09-26,1974-01-20,1163
1894,856,1998-02-05,1991-12-14,2004-08-19,1164
6147,708,2004-05-20,2018-04-24,2003-01-17,1165
1469,833,1997-12-12,2014-09-11,1991-07-24,1166
3559,1791,1981-10-31,2009-06-12,1982-12-02,1167
2902,1057,1974-02-16,1980-03-19,1991-10-29,1168
16864,598,1989-12-03,2007-02-01,1978-08-23,1169
7421,1042,1974-03-21,2019-11-27,2019-10-30,1170
7088,290,1975-04-19,2019-04-26,2008-06-15,1171
2573,1037,2005-03-06,2008-02-08,1986-03-09,1172
2638,1364,1981-05-12,2005-07-31,2021-05-23,1173
16692,42,1976-02-24,1986-05-22,1977-11-30,1174
5,1792,2003-01-24,1998-06-26,1975-08-05,1175
1492,1742,2000-01-15,2020-05-26,2001-10-13,1176
6155,18,1984-11-20,2004-04-26,2003-02-15,1177
8908,1776,1987-07-18,1974-03-06,2009-01-16,1178
7310,1635,2019-11-29,2005-03-11,1981-12-14,1179
2209,747,2011-03-29,1974-12-20,2018-11-29,1180
10248,335,2006-06-19,1980-10-31,2008-04-30,1181
2106,1181,1972-08-17,2001-08-21,1989-05-08,1182
3644,1457,2018-12-09,1994-09-18,2001-08-13,1183
11308,366,1998-09-02,2008-11-27,1979-08-23,1184
14204,1426,2014-10-05,1976-11-07,2021-10-22,1185
4690,492,2014-09-03,2013-10-01,1984-05-18,1186
11410,1045,1977-03-24,2017-01-26,2005-03-17,1187
5337,1012,2012-06-07,1997-04-17,2002-10-06,1188
19127,1331,2010-08-04,2001-02-10,2000-02-19,1189
3872,1210,1981-05-27,2012-10-18,2004-10-12,1190
14617,1234,1978-09-11,1987-01-28,1990-12-26,1191
8618,312,2011-04-16,1989-12-03,1992-09-15,1192
8614,792,1993-08-16,1975-02-24,2006-11-21,1193
17879,1217,2003-03-26,1985-11-15,1992-05-27,1194
1859,1022,1998-07-20,2017-09-23,2000-07-01,1195
11108,1237,2002-02-04,1990-10-31,1996-03-06,1196
2425,1585,1995-12-13,1991-06-20,2012-05-21,1197
17801,155,1974-07-09,2018-03-28,1985-12-27,1198
1428,1519,1991-09-08,1974-03-02,1997-08-23,1199
17205,833,2019-06-01,2003-05-11,1999-01-16,1200
17523,338,2015-02-14,2002-07-31,1978-07-25,1201
14612,272,1989-07-22,1998-06-05,2015-04-29,1202
375,1439,2012-07-12,1999-12-22,1988-07-09,1203
10610,1683,1998-11-26,1988-07-12,2019-04-13,1204
15568,1068,1981-09-05,2008-12-20,1995-08-17,1205
18019,264,2004-05-17,2009-02-13,1989-10-18,1206
4645,255,2011-09-29,2008-03-21,1973-06-27,1207
14973,637,2009-02-24,1998-03-26,1981-01-30,1208
7408,556,1999-02-28,1995-04-08,1984-02-26,1209
5954,1107,2019-02-07,1985-08-27,1986-12-02,1210
11462,1212,2018-06-23,2018-01-24,1996-01-04,1211
15340,1892,1991-12-09,1993-02-25,1986-02-19,1212
7750,586,1980-10-01,2010-09-23,2000-06-29,1213
11146,1661,2004-11-05,2019-08-14,1977-11-20,1214
18508,1662,1981-07-21,2000-04-17,2020-03-08,1215
17777,353,1996-12-03,1993-05-17,1991-05-16,1216
3327,872,2006-04-02,2021-08-15,1993-09-12,1217
6215,745,2008-06-28,2004-10-22,1991-09-30,1218
12768,1460,1975-01-05,2017-01-07,1977-09-29,1219
3256,1417,2004-04-24,2015-01-12,2005-08-30,1220
1842,514,1983-05-28,1991-09-22,1999-03-17,1221
9907,1413,2001-04-23,1985-06-10,2020-09-22,1222
8397,1339,2014-02-13,1994-05-30,2001-06-24,1223
19812,617,2009-03-29,2019-05-03,1987-01-10,1224
12684,28,1975-02-26,1978-06-25,2021-12-30,1225
4001,1636,1984-12-07,1993-01-08,2002-10-30,1226
5488,1025,1993-11-09,1996-11-13,1999-01-17,1227
4184,728,1995-05-31,2002-07-31,1978-10-25,1228
11623,1755,2020-12-02,2000-01-06,1975-05-25,1229
18080,1325,2018-12-05,1977-07-16,1981-01-31,1230
2987,1336,1989-08-02,2008-06-01,1989-09-05,1231
12203,395,2021-03-28,2003-07-16,1976-11-02,1232
965,1326,1974-12-13,1983-01-09,1989-03-20,1233
3857,1999,2001-12-20,1983-03-21,1994-07-14,1234
6375,155,2006-09-24,1996-07-26,2017-03-11,1235
16243,1038,2014-04-07,2003-06-17,2017-12-30,1236
15308,1,2002-03-10,1977-06-20,2001-02-21,1237
3021,1541,1990-12-01,1991-05-16,2002-03-01,1238
1728,903,1989-02-18,1996-10-14,1984-03-21,1239
16431,631,2015-12-01,2012-06-01,2021-01-05,1240
2595,176,1988-03-05,1996-04-17,2003-07-05,1241
4236,939,2010-08-19,2015-09-21,2015-12-08,1242
6906,265,2018-05-28,1995-08-05,1976-02-13,1243
5000,678,2015-07-03,2011-09-10,1991-10-11,1244
8144,448,1991-08-31,1997-12-14,1989-04-24,1245
10197,834,1980-08-27,2015-07-25,1983-11-06,1246
3419,1419,2010-05-22,1999-05-23,1987-07-29,1247
9138,696,2014-03-24,2019-05-04,1999-09-04,1248
1356,1747,1975-08-11,2020-10-19,1987-10-22,1249
10420,1631,2010-09-14,2000-09-26,1990-06-24,1250
10502,1015,2021-08-17,2014-09-03,2004-11-16,1251
17379,664,2001-02-14,2003-09-04,2006-05-07,1252
19988,1456,1989-07-29,1984-11-10,1980-09-01,1253
3731,356,1984-11-08,1987-09-15,1986-06-01,1254
5451,1355,2015-12-13,2016-08-13,2012-06-22,1255
13285,653,1997-05-01,2010-06-25,2008-10-22,1256
16235,69,1996-05-11,2009-10-19,2017-02-20,1257
17284,885,2011-02-19,1972-10-19,1973-09-01,1258
17856,760,1985-12-30,1994-05-19,1975-08-10,1259
15710,1847,1977-07-03,1972-12-17,2021-05-20,1260
1147,51,1984-08-14,1989-05-31,1990-10-15,1261
8118,1291,1988-01-29,1982-08-28,1989-02-12,1262
8420,1646,1998-08-07,1992-12-26,2012-10-11,1263
12126,127,1993-05-24,2005-01-27,1977-08-15,1264
5035,1189,1982-04-14,2015-11-17,1983-08-03,1265
6611,1404,2016-09-25,1990-03-04,1981-01-07,1266
13014,294,1979-11-02,1991-06-04,1997-01-19,1267
12592,15,2019-07-27,1984-11-23,1983-07-15,1268
18981,605,1999-08-28,1992-12-06,2004-06-07,1269
13642,1787,2010-04-19,1989-11-10,2007-07-26,1270
6209,1404,1981-10-31,1986-03-30,2001-04-21,1271
16331,232,1974-12-03,1980-06-04,1977-02-02,1272
18031,84,1978-12-15,1994-05-01,2001-10-04,1273
979,1237,2015-05-13,1979-06-16,1999-07-30,1274
6408,277,2003-09-23,2000-10-27,2018-09-12,1275
12139,431,1985-09-23,2000-01-26,2018-06-07,1276
3884,566,2000-03-04,1980-07-05,2020-08-23,1277
3275,1923,2002-08-02,2010-04-29,2005-01-09,1278
7716,608,2016-12-25,2019-01-09,2003-08-24,1279
10258,1809,2019-04-20,1974-10-18,1980-10-09,1280
19599,1929,1991-07-19,1996-04-01,1998-09-10,1281
17101,1785,2006-05-13,1989-03-25,1995-01-13,1282
7884,1521,1974-11-07,1994-06-10,1995-03-11,1283
9977,715,2020-03-16,1999-09-28,2014-03-19,1284
14885,1089,2002-12-16,2016-08-11,1989-02-08,1285
7207,636,1992-05-12,2019-06-17,1992-01-02,1286
15672,1521,2020-09-26,1992-04-25,2013-08-23,1287
2656,824,2017-09-28,2009-05-24,1996-10-31,1288
2530,1809,1995-09-11,2012-09-16,1975-02-08,1289
15287,421,1985-04-29,2012-10-28,1995-10-01,1290
4736,1904,2015-02-05,2006-03-12,1987-12-26,1291
8552,574,1990-09-27,2014-12-17,2008-06-12,1292
13348,873,2011-06-09,1985-12-10,2011-02-16,1293
6786,723,1988-11-11,2007-07-26,2011-02-19,1294
14624,1589,2017-01-20,1993-06-24,1982-02-07,1295
18377,269,2011-10-01,1975-08-27,2012-08-31,1296
11177,1145,1982-11-09,2008-01-04,2011-06-05,1297
19403,1160,1983-07-15,2009-07-26,1984-08-15,1298
5615,908,1975-03-06,1973-04-13,2004-07-28,1299
14892,1490,2015-06-04,1986-08-23,2013-01-10,1300
10260,1623,2019-02-19,2016-04-30,1972-10-04,1301
1682,737,2004-10-24,1980-02-01,2006-01-27,1302
7737,1740,1983-04-12,1984-12-01,1974-01-07,1303
10859,1960,1972-09-27,1989-11-17,2010-04-12,1304
18212,1278,1981-06-26,1980-02-04,1989-12-10,1305
18053,1025,1983-10-27,1987-06-02,1974-01-13,1306
18448,76,2007-10-09,2020-11-09,1994-08-23,1307
4211,1038,2014-10-30,2004-05-26,2011-07-13,1308
5900,19,2004-04-18,2009-09-09,2005-09-09,1309
15456,219,2018-02-28,2000-04-12,2003-11-14,1310
8292,1456,2018-03-01,1978-12-18,2010-03-26,1311
602,79,1998-02-16,1984-06-13,2010-04-11,1312
11588,1706,2020-01-19,1994-06-27,2020-02-11,1313
10240,1920,2002-01-09,1990-10-20,1997-12-08,1314
12026,1486,1972-07-10,1984-10-09,1995-05-31,1315
5166,1118,1986-05-16,1975-04-15,1982-06-13,1316
16136,665,1983-07-20,2014-02-19,1983-10-12,1317
12831,676,1976-05-27,2003-10-21,1980-09-17,1318
15301,1919,1982-01-08,2001-11-25,1992-04-24,1319
502,1997,1980-09-13,2002-02-20,1972-07-01,1320
6482,258,2020-09-19,1972-11-26,2021-12-02,1321
4609,301,2003-09-22,1998-10-18,2019-02-05,1322
162,474,2016-12-08,1980-04-27,1995-09-26,1323
5858,992,1991-07-15,1994-06-28,2011-09-14,1324
10281,1925,1996-05-22,1975-04-03,2003-08-03,1325
12988,1231,1999-03-15,2015-04-27,1993-11-11,1326
16451,191,1982-04-09,2006-07-22,1991-01-04,1327
9701,1460,1995-07-10,1980-08-30,2003-03-21,1328
7769,1715,2016-04-17,1988-09-20,2007-02-14,1329
14871,414,2010-06-02,2020-03-18,1989-01-19,1330
10726,82,2004-05-25,1977-07-06,2021-07-13,1331
12260,1052,1984-09-17,1978-03-01,1988-06-05,1332
14967,309,2022-02-24,1990-06-10,2006-09-10,1333
12518,348,2018-10-22,2016-06-05,2014-06-10,1334
15390,1486,1993-08-04,2016-11-06,2013-11-06,1335
3750,1314,1998-03-03,1991-10-16,1977-02-04,1336
8042,281,2005-01-29,2000-03-10,2014-05-15,1337
19756,1234,2008-12-30,2006-08-07,1976-07-30,1338
32,1446,1973-08-13,2003-06-12,1973-04-24,1339
12933,490,1973-05-19,1978-05-17,2010-03-07,1340
13281,1383,1980-11-16,1990-10-18,1989-07-31,1341
11152,820,2011-12-06,1986-11-24,2011-01-30,1342
3491,1078,2020-03-12,2004-06-27,1999-12-27,1343
7459,958,2017-09-16,2002-07-05,2007-03-04,1344
19217,1161,1981-11-09,2003-11-16,1994-02-02,1345
11050,286,1998-09-06,1974-10-19,1975-10-25,1346
18784,1170,2014-07-24,1987-08-06,2002-08-05,1347
19236,439,1973-06-09,2006-10-16,1999-05-16,1348
4957,623,1977-10-07,1999-04-03,1981-12-04,1349
13128,919,2006-11-02,2019-08-24,1988-12-13,1350
15317,531,1976-11-27,1992-05-03,1980-08-24,1351
1330,1661,2005-05-16,2010-04-05,1978-09-21,1352
15450,1189,2013-10-18,1991-04-06,1976-12-16,1353
19643,1652,1999-09-23,1976-05-27,1996-01-14,1354
14820,732,1974-05-27,1980-11-09,2002-12-17,1355
2500,1083,1983-09-30,1999-02-20,2001-11-21,1356
15357,1027,1975-01-19,2007-03-15,1975-04-10,1357
10781,199,2021-12-15,1995-11-15,2011-05-04,1358
11028,375,1995-06-26,2007-05-26,1977-02-28,1359
1898,750,2016-05-08,1985-11-25,2000-02-15,1360
14907,1180,2009-10-18,2019-11-02,2016-09-13,1361
19684,1299,2004-06-06,1994-11-09,1984-11-19,1362
16203,738,1995-05-02,1992-05-28,2002-04-23,1363
16334,1147,1998-05-28,1996-02-25,2014-08-01,1364
5554,115,1987-07-16,1990-06-16,1981-07-11,1365
4874,154,1992-11-15,1995-07-19,1972-10-15,1366
5247,871,1978-02-25,1976-12-17,2019-09-28,1367
12316,1719,1980-05-20,1986-01-11,1990-11-22,1368
5464,1463,1990-07-30,2018-05-16,2008-10-29,1369
6023,1429,2008-11-16,2020-05-28,1982-01-21,1370
18260,1956,2010-05-24,2003-07-19,1982-12-13,1371
18098,1451,1986-07-22,2007-02-19,2001-07-14,1372
11266,205,1980-02-22,2000-01-31,1982-09-27,1373
16391,1416,1981-12-31,1991-04-08,1981-12-21,1374
11766,1305,1992-03-06,2018-01-18,1972-12-09,1375
16009,289,1994-06-15,1983-11-22,1990-01-06,1376
4092,1763,1982-04-15,2013-05-29,2012-01-29,1377
11214,1660,2011-06-28,1980-12-10,2003-08-02,1378
15658,1349,1980-12-17,1977-04-09,1979-03-02,1379
15785,616,1991-04-15,2008-07-23,1981-04-02,1380
8953,504,1985-01-04,2022-03-28,2009-04-28,1381
19590,1663,2003-05-27,1979-11-01,1994-11-20,1382
17066,1506,1979-05-09,2010-04-23,1977-11-03,1383
12354,150,2012-04-18,2001-12-15,1984-12-25,1384
11138,1344,1977-08-15,1991-06-14,1990-05-20,1385
19148,394,1996-06-19,2015-03-29,1976-05-09,1386
1791,34,2016-02-02,2004-09-15,1975-07-28,1387
10633,644,1991-06-15,1983-02-06,1991-02-03,1388
19794,516,1973-11-04,1999-12-23,2002-02-11,1389
4008,1174,1976-11-28,1978-11-19,2012-01-09,1390
16406,86,2005-03-16,2021-04-24,1980-03-30,1391
12784,613,1993-02-11,1985-04-05,2022-03-16,1392
17132,520,1988-12-05,1974-07-14,2001-04-30,1393
7332,1990,1980-02-11,1982-07-06,2020-02-19,1394
10289,1333,2005-01-29,1999-01-24,2018-09-20,1395
9505,198,2014-07-07,1982-04-19,2013-12-31,1396
14306,1554,1993-04-27,1982-11-21,2011-07-25,1397
14655,1860,2011-02-23,2002-09-14,1989-12-24,1398
9864,1157,2010-10-04,1984-08-25,1975-09-25,1399
7908,1132,1987-11-19,2001-09-11,1980-05-27,1400
3859,854,1995-02-11,2014-04-30,1980-04-19,1401
2647,1231,2009-04-11,1992-09-11,1977-02-14,1402
1982,1660,1995-01-05,1974-11-08,1993-10-12,1403
9665,1586,1993-03-07,1990-05-02,1993-07-27,1404
8792,449,1988-03-02,2014-09-28,1972-07-12,1405
15926,171,2007-02-01,2021-12-24,1972-08-27,1406
1981,711,1998-07-01,1988-01-27,1993-05-18,1407
18555,588,1984-06-04,2001-12-23,2000-02-06,1408
7911,116,2006-05-26,2007-12-09,2020-02-11,1409
8894,947,2004-07-11,2002-04-18,2005-10-13,1410
5279,1388,1990-04-30,2020-06-25,1979-04-20,1411
4114,1288,2000-06-28,2007-10-18,1988-06-17,1412
5266,771,2016-08-15,1999-08-02,1990-07-29,1413
3724,162,2019-01-25,1989-04-16,1972-06-27,1414
17396,1307,1998-06-05,1985-06-27,2018-10-21,1415
7433,1020,1972-06-13,2012-09-26,1973-07-30,1416
17566,1635,1983-04-15,2001-06-09,2010-09-19,1417
8121,1727,1979-02-25,1995-10-14,1979-02-13,1418
10924,1493,1999-03-22,2012-11-01,2001-08-12,1419
2822,1108,1985-04-09,1982-05-26,1988-03-16,1420
19890,109,2015-12-09,2011-06-19,2001-08-12,1421
2299,121,1976-10-24,2016-05-18,2008-08-15,1422
12132,806,2011-11-13,1991-06-25,1978-04-23,1423
1218,1485,2021-07-07,2003-07-21,2001-01-31,1424
14203,1155,1973-05-11,2002-01-07,1979-03-18,1425
8855,1558,2015-10-15,1983-01-10,2007-03-25,1426
4785,329,2009-08-20,2015-01-22,1983-07-25,1427
14028,1173,2020-06-11,2012-09-07,2018-07-25,1428
5807,447,2000-01-07,2008-05-24,2013-10-26,1429
14825,1618,2001-10-26,1983-11-27,2014-01-03,1430
6544,1490,2006-01-26,2005-01-13,2019-12-15,1431
3996,1257,1998-11-05,2002-07-10,2001-11-15,1432
19122,954,1994-09-05,2012-07-12,1999-01-12,1433
18010,1033,2013-10-30,2012-01-02,1979-07-16,1434
17453,1532,1989-03-01,1973-07-12,2011-11-22,1435
3631,1617,1980-01-28,1994-08-13,1993-01-22,1436
15618,1776,1976-12-28,2011-08-28,1980-04-07,1437
4251,1035,1986-02-14,2005-06-25,1988-01-10,1438
13570,865,1996-06-17,1986-06-29,1986-11-05,1439
5802,373,1975-04-27,1983-03-27,1972-10-03,1440
387,895,1995-01-29,2014-05-09,2014-07-22,1441
1869,474,1978-04-27,1998-09-11,1981-09-01,1442
8549,1233,1999-01-18,1984-08-19,1977-04-25,1443
8582,1700,2002-12-09,2002-10-21,1979-09-20,1444
1318,220,1991-01-24,1995-02-09,1993-05-15,1445
13851,1655,1979-04-26,2015-02-10,1977-06-13,1446
19492,1597,1997-01-30,1993-05-28,1978-11-02,1447
16837,826,1972-11-21,1984-01-24,1995-07-26,1448
9002,458,1977-04-11,1988-10-01,1987-05-10,1449
1654,291,1976-12-23,2021-09-03,2004-08-24,1450
9943,1752,2001-10-05,1973-04-11,1980-02-23,1451
6429,1832,1983-09-10,1997-04-14,1999-10-30,1452
1177,1955,1978-11-20,1976-12-30,2020-07-11,1453
14198,1973,2004-05-06,1981-01-13,2015-10-16,1454
1135,1949,2017-11-06,1984-12-24,1995-05-23,1455
3654,1246,1988-05-14,2020-03-26,2001-03-05,1456
3758,1903,1981-12-30,1979-04-18,1999-11-05,1457
13249,360,1977-04-19,2001-05-16,1990-09-16,1458
1914,20,2011-06-01,2008-07-26,2017-03-13,1459
10949,1061,1990-08-04,1977-07-12,1995-01-11,1460
18305,1146,2001-06-03,1985-03-16,1976-05-03,1461
8343,224,2013-09-21,1994-09-28,2016-02-15,1462
17654,720,1977-04-24,2004-07-12,1989-12-10,1463
15544,1873,1973-06-02,1986-02-12,1974-11-24,1464
15224,1439,2014-06-19,2013-07-21,1988-12-12,1465
6452,328,2010-12-13,2018-07-02,2013-08-29,1466
8637,754,2004-12-08,1986-08-03,1994-01-26,1467
16347,606,1980-07-04,2014-11-25,2011-10-06,1468
17273,226,1983-09-25,2013-01-19,2000-04-21,1469
12574,1725,1984-02-01,2018-04-20,1988-02-27,1470
10802,431,1997-08-10,2016-04-04,2000-03-05,1471
1121,1723,2001-01-25,1979-03-12,1980-06-16,1472
3980,506,1996-01-31,2000-05-31,2003-04-11,1473
183,769,2011-05-09,2015-06-14,2017-04-19,1474
11864,466,2008-01-03,2019-11-18,1974-07-12,1475
934,1579,2011-09-14,2017-10-19,2006-03-22,1476
8388,1861,2006-02-26,1992-05-07,2012-07-23,1477
6861,35,1989-11-23,2010-06-04,1979-05-24,1478
773,1142,1982-05-20,1993-09-27,2012-01-31,1479
8130,1231,2012-03-12,1993-06-14,1980-09-24,1480
2975,1489,1978-08-28,1987-05-13,1979-07-02,1481
14601,1846,1986-12-01,2006-08-02,1984-12-29,1482
3417,779,1992-03-06,1972-05-10,1993-09-29,1483
7465,325,1979-07-03,2018-07-19,1998-02-18,1484
9159,1052,2013-11-07,1998-11-09,2017-09-09,1485
1505,947,1996-04-03,1990-12-21,2022-01-29,1486
3081,645,2009-08-21,2014-03-26,2017-07-04,1487
9010,1579,1984-10-10,2010-01-10,2022-04-15,1488
7881,1439,1978-07-01,1995-06-27,1972-11-03,1489
13825,665,1992-07-01,1995-10-09,2013-11-23,1490
19781,1308,1974-05-03,2013-02-16,2001-09-23,1491
9183,1646,2009-03-09,1991-05-26,1980-02-25,1492
7429,1473,1976-01-06,2003-01-01,2021-11-01,1493
11846,1499,1999-06-28,1990-11-11,1985-08-01,1494
13823,337,2016-11-30,1979-10-09,2001-07-18,1495
10810,1660,1994-07-22,1994-09-12,1974-10-03,1496
19282,1393,1979-05-19,1988-12-28,1978-01-23,1497
18879,719,1985-04-26,2000-07-20,2004-04-21,1498
7002,574,1979-02-08,1988-07-26,1977-04-19,1499
2900,1128,1997-01-17,2005-07-21,1991-07-12,1500
1852,1622,2016-01-24,1999-07-08,2014-09-14,1501
7286,264,1977-08-30,1980-01-01,1984-12-20,1502
6799,1961,2007-09-05,1972-09-11,2013-12-21,1503
10719,1213,1973-06-29,1983-03-15,2012-11-05,1504
16170,285,1977-06-16,2009-05-07,2021-12-25,1505
17796,1638,1980-05-22,2004-02-18,2009-08-23,1506
9171,1490,2015-02-11,2016-02-28,1981-06-05,1507
19900,403,1973-07-05,2003-06-07,2013-05-09,1508
17219,73,1985-10-07,2008-12-07,1988-12-18,1509
11692,1976,1989-01-05,1999-07-18,2012-02-26,1510
19463,1889,1975-09-05,1983-05-27,1984-01-19,1511
11426,637,2012-10-07,2014-03-14,1972-09-03,1512
17134,20,1981-01-29,2009-11-27,2013-08-17,1513
7931,1996,1974-06-16,1975-05-16,1991-05-30,1514
10223,676,1983-03-06,2013-07-24,1974-07-16,1515
12373,994,2021-04-08,2019-02-14,2001-11-08,1516
14165,1985,1995-11-15,2014-11-29,1990-04-04,1517
5408,500,1997-11-13,1990-02-01,2005-11-06,1518
13579,15,1981-01-25,1982-06-25,2017-05-14,1519
8489,1049,2009-03-24,2019-06-23,2021-02-14,1520
14725,1859,2007-06-23,2011-10-03,1998-03-19,1521
2528,1824,2003-09-17,1972-08-27,1988-01-25,1522
7806,1462,2004-09-27,1991-08-09,1973-07-30,1523
6851,1436,1989-07-22,1993-10-08,1993-03-25,1524
17776,1285,2017-02-21,1998-11-03,1987-07-24,1525
5011,1353,1977-09-08,2008-01-26,2000-07-06,1526
1179,1498,1977-03-01,2020-03-12,2005-10-09,1527
6540,307,1984-03-13,2020-08-07,2013-09-07,1528
15805,958,1998-06-10,1984-11-01,1998-06-22,1529
6876,1391,1999-09-10,2017-05-09,1999-08-17,1530
1273,1972,1976-11-03,2007-10-08,2000-11-14,1531
16839,285,2007-02-03,2018-06-25,1973-09-06,1532
4884,531,1980-04-09,1987-09-03,1993-11-30,1533
17382,1695,2019-05-30,1995-03-02,1999-01-28,1534
14514,227,1976-02-06,2018-05-25,1999-04-06,1535
6346,830,2014-01-06,2009-08-13,2004-11-20,1536
9728,1709,2007-09-27,1999-01-12,2016-02-19,1537
19260,888,1992-07-22,1999-12-22,1995-12-23,1538
16973,833,1998-12-13,1995-05-02,2019-09-17,1539
8925,1111,2012-02-13,2021-04-16,1993-05-24,1540
474,469,1978-10-27,2018-01-27,1992-04-22,1541
15168,1002,2018-06-15,1984-02-04,1976-06-16,1542
1989,894,1994-09-12,1980-01-14,1980-07-24,1543
2069,1540,1987-01-31,1991-01-24,2000-06-25,1544
2930,1731,1989-10-23,1983-09-29,2022-05-09,1545
5549,1525,1976-10-09,1972-12-04,1982-09-08,1546
15068,1434,2019-08-11,1975-09-07,1978-12-26,1547
924,1364,1978-10-21,2010-01-03,1994-08-23,1548
2065,1155,1987-12-23,1993-03-02,1996-02-23,1549
15814,1444,1993-02-23,2006-08-13,1989-05-24,1550
10959,62,1992-06-19,1985-09-06,2001-06-25,1551
18222,302,2010-11-30,1986-01-02,1993-12-16,1552
2498,448,1998-04-21,2020-12-15,2003-03-04,1553
19293,1326,1982-04-15,1982-07-07,1977-03-17,1554
12644,369,1972-10-09,1991-03-24,2020-05-04,1555
18971,1192,1988-04-02,1975-07-20,2014-01-07,1556
3027,590,1985-11-14,2005-08-05,2006-02-10,1557
19415,824,2020-08-25,2009-07-26,2008-08-29,1558
11938,940,2003-03-12,2003-12-13,2005-10-02,1559
267,1455,1974-12-13,1973-10-07,1997-01-28,1560
6236,118,2021-10-30,1992-12-20,2000-03-08,1561
184,1433,2020-12-25,1977-07-26,1977-08-13,1562
17781,442,1988-07-04,1975-09-21,1992-02-27,1563
16723,749,1984-02-15,2018-05-23,2021-05-25,1564
11767,1182,1985-01-11,2013-05-29,1999-06-11,1565
8340,447,2007-03-18,2004-02-21,2010-03-23,1566
1239,1419,1994-08-20,1986-05-20,1999-08-16,1567
1264,1597,2001-07-12,2004-03-25,2018-07-14,1568
1571,1913,1983-10-31,1988-01-15,1982-06-20,1569
17030,236,2007-07-07,2019-07-10,2018-05-01,1570
1433,1879,1978-09-06,1994-01-02,2005-09-17,1571
8445,1394,1974-02-02,1989-08-26,1990-03-30,1572
4770,1665,2015-08-08,1972-11-17,1979-02-25,1573
10327,794,2008-02-09,1977-11-11,2005-02-15,1574
6110,1396,1985-07-02,2019-11-25,1999-04-26,1575
13565,146,1993-03-21,2021-05-13,2015-07-14,1576
18236,21,2005-02-22,2017-08-30,2016-05-18,1577
10831,1704,2010-03-26,2017-01-30,1997-01-19,1578
14354,329,1978-01-26,2015-08-24,2021-02-11,1579
17771,552,1974-03-04,1996-08-10,2009-08-23,1580
16706,801,2017-03-12,1981-12-09,2010-01-10,1581
10784,1289,1990-08-28,1978-09-23,1981-03-18,1582
10744,948,2000-04-18,1981-07-21,1975-05-24,1583
1598,974,1984-02-06,1974-06-11,1979-11-23,1584
12732,1328,2020-11-11,2019-07-09,1974-03-31,1585
1999,158,1989-11-16,2009-05-22,1974-06-28,1586
19733,414,2021-12-19,2000-12-06,1988-12-26,1587
11514,1812,1992-10-19,1982-08-01,2016-08-05,1588
5463,893,1996-02-11,2019-05-24,2009-11-23,1589
2848,50,1984-10-28,2017-01-10,2002-11-04,1590
17810,826,2013-07-03,1981-02-17,2014-04-01,1591
1750,860,1978-06-08,1972-12-16,2016-09-19,1592
15183,1575,1998-07-13,2000-05-26,2012-12-21,1593
840,1882,1976-01-14,2001-05-11,1974-05-21,1594
13468,452,2006-11-10,2008-04-15,1988-02-13,1595
12356,1321,2014-04-23,1979-06-08,2013-01-16,1596
8338,775,1992-03-26,1998-04-07,2015-10-10,1597
3528,1966,1973-10-04,1972-07-29,2012-05-27,1598
2669,102,2007-01-23,2010-07-17,1992-09-28,1599
8897,1921,2006-12-28,2014-11-15,2001-11-15,1600
15787,1008,2008-09-07,2013-02-16,2019-10-12,1601
18268,351,1984-10-21,2018-08-09,2003-02-13,1602
11352,195,2008-11-09,1999-06-13,1978-10-15,1603
14521,1249,1988-08-27,1997-03-02,2017-08-15,1604
10539,1779,2020-10-23,2009-11-23,2006-10-09,1605
18813,450,1973-02-08,2002-06-24,1997-03-14,1606
6453,537,2011-01-19,1992-02-12,1993-11-04,1607
7968,1569,1982-07-19,2013-10-09,2008-08-19,1608
16221,1997,2022-01-18,2000-12-18,2004-05-19,1609
5319,400,2007-10-12,1974-11-17,1988-01-16,1610
2373,1934,1995-08-08,2017-01-18,1975-02-08,1611
14026,214,2005-04-01,1981-10-10,2020-03-24,1612
17488,197,1986-05-19,1984-06-19,1983-07-12,1613
12031,1348,1981-12-27,2000-03-16,1996-05-26,1614
18616,915,1996-08-25,2022-03-03,2013-05-23,1615
8604,416,2007-04-24,1985-12-24,2016-06-24,1616
14467,1944,2021-03-02,1982-04-07,1989-10-23,1617
14887,326,2017-08-25,1995-03-26,2009-05-10,1618
6983,490,1994-09-01,1990-09-18,2015-03-28,1619
17905,1624,2015-05-26,1993-02-18,2014-01-07,1620
9504,1984,2003-05-02,1984-03-27,2010-09-08,1621
5196,140,2016-12-03,1983-11-21,1981-05-12,1622
3901,79,2012-01-01,1993-08-11,2002-04-24,1623
15272,44,1974-05-09,1991-04-08,1989-05-20,1624
19223,500,1979-03-30,1978-11-28,2015-09-09,1625
8642,821,2008-03-23,1977-11-20,1972-08-25,1626
6688,559,1977-06-27,2021-06-03,1979-02-28,1627
10231,650,2004-08-30,1998-07-27,2005-08-11,1628
16702,1549,1992-05-30,2013-09-09,2005-12-24,1629
14859,1042,1975-11-15,1975-09-29,1998-01-02,1630
6804,820,1982-02-18,1995-02-24,2014-07-04,1631
19917,1842,1992-08-30,1978-04-27,1992-10-14,1632
5659,210,1974-09-10,1983-05-26,2015-06-11,1633
4640,1696,2000-04-14,1990-09-27,2005-11-18,1634
1415,714,2021-08-22,2021-05-13,2011-01-05,1635
16146,508,2009-05-29,1980-04-07,2016-08-22,1636
1196,1407,2006-06-16,2004-06-23,1999-05-31,1637
16301,567,2004-05-27,2001-12-17,1985-08-05,1638
19872,308,2001-09-01,1982-08-23,1980-12-30,1639
6706,1847,2010-02-26,2002-11-23,1974-05-20,1640
19807,45,1985-02-14,2008-05-24,2000-04-22,1641
17139,1894,1991-03-04,2007-03-19,1981-04-24,1642
12018,1746,1992-01-07,1999-09-16,1990-08-02,1643
11073,407,2010-01-19,2019-04-19,2016-12-05,1644
5969,270,1987-08-01,2003-12-03,1990-10-31,1645
19498,1870,1992-09-07,1995-03-19,2021-08-07,1646
10665,1983,2009-08-03,2008-11-19,1999-10-05,1647
5793,1320,1994-12-02,1978-05-23,2007-10-24,1648
5955,928,1986-09-29,1999-07-17,1977-04-18,1649
12576,326,1989-10-12,2006-08-07,2013-02-23,1650
16708,1522,2000-01-14,1973-07-01,2019-08-17,1651
3347,347,1983-01-12,2019-10-10,1988-01-10,1652
8788,1018,1982-03-10,1977-05-31,2001-08-27,1653
10043,1791,1996-06-05,1985-11-02,1986-07-22,1654
774,1711,2010-03-19,1990-11-03,1989-12-24,1655
887,1844,2010-05-14,2006-05-12,1972-09-05,1656
18421,1012,2019-11-03,2019-11-13,2012-08-17,1657
2528,254,1996-09-11,2020-10-03,2008-01-23,1658
17039,1416,1977-07-10,1981-11-15,2014-05-25,1659
10240,1511,1980-07-17,1989-09-24,1987-02-25,1660
17891,1621,2009-09-03,1992-12-27,1978-06-04,1661
9783,1844,1973-05-15,2018-07-12,2018-01-10,1662
19101,525,1982-05-05,1972-10-28,1998-12-18,1663
4112,26,1988-05-14,1987-09-02,2009-09-12,1664
5002,945,1988-01-15,2012-12-29,2016-07-17,1665
4099,210,1980-01-24,1985-01-16,1990-04-08,1666
10610,1247,2019-12-27,1975-11-24,1997-06-05,1667
17139,134,1995-02-02,2001-10-26,1990-10-22,1668
19565,1721,1993-06-08,1995-02-27,2020-04-19,1669
10940,1896,1998-05-08,2008-05-02,1973-09-21,1670
19680,903,1987-11-21,1978-07-10,1976-08-13,1671
8123,720,2018-11-06,1993-08-15,1991-02-03,1672
16222,1674,1991-03-14,1989-09-25,2013-03-21,1673
19008,1598,2012-06-02,2001-06-18,1979-10-21,1674
16248,1435,2001-08-09,2013-03-12,2002-01-10,1675
10237,1111,2004-06-21,1993-01-02,1977-05-13,1676
6882,721,1978-01-03,2002-07-06,1981-05-07,1677
9869,554,1986-12-27,2003-06-25,1982-09-24,1678
3512,800,2002-09-26,2018-04-28,2006-10-27,1679
14478,769,2021-11-02,2012-01-07,1972-09-16,1680
10234,1039,2021-03-26,2019-06-15,2019-10-10,1681
16246,1177,2006-09-05,1997-05-16,2011-03-17,1682
14528,960,1974-08-08,2010-11-06,1988-02-27,1683
537,536,2004-12-10,1981-06-02,2015-02-06,1684
176,267,1992-07-29,1984-11-25,2002-01-28,1685
3342,1770,2008-04-22,1990-04-10,2015-07-20,1686
16788,987,2011-05-15,1982-06-29,2000-10-21,1687
10951,375,2010-11-23,1986-01-09,1982-12-05,1688
19640,1435,1980-09-10,1995-09-06,2005-02-01,1689
16250,1020,2016-01-28,1985-03-25,2001-12-29,1690
8331,787,2000-02-16,1988-08-04,2009-08-23,1691
19237,1228,1986-02-24,1975-03-02,1986-05-07,1692
4397,1654,2006-10-27,1989-08-05,1980-02-02,1693
687,123,2010-07-30,2016-01-27,1982-09-21,1694
5194,846,2017-10-03,1996-08-30,2017-06-08,1695
8151,1832,1980-10-19,1988-07-25,1986-09-08,1696
17033,36,2021-11-29,2018-07-19,2009-04-16,1697
16425,1990,1990-01-15,2021-07-06,2004-10-02,1698
11876,1279,1974-10-13,2006-06-08,1998-12-03,1699
5618,831,1979-12-03,2013-02-16,1984-03-15,1700
16491,18,1986-04-26,2017-04-18,1977-07-22,1701
18370,1615,2002-11-12,1979-06-20,1979-01-04,1702
6925,241,1976-01-24,1978-10-19,1980-10-20,1703
6874,597,1988-03-14,1975-02-18,1989-07-27,1704
15712,1504,2002-06-20,1997-09-28,2014-03-30,1705
3341,1583,1985-10-09,1976-04-24,2012-02-19,1706
3182,1527,1980-04-26,2017-11-28,1983-11-25,1707
3856,1028,1985-09-06,1976-01-08,1983-11-13,1708
12745,1833,2004-11-28,1980-01-22,2006-04-25,1709
13787,1396,2008-10-13,2017-06-21,1977-07-10,1710
3295,24,2016-02-15,2013-05-25,1993-12-07,1711
14918,1135,2018-12-07,2015-05-07,2018-01-25,1712
8340,1151,1990-10-24,2006-10-10,2021-05-21,1713
17315,1140,2017-12-05,2009-11-23,2018-09-08,1714
5785,195,2003-08-25,1982-11-02,1988-04-16,1715
10813,124,2020-07-11,1998-09-03,2017-05-14,1716
12320,1254,1982-10-22,2020-02-08,1999-02-18,1717
9887,462,2009-08-31,1995-08-08,1981-08-12,1718
19660,1834,2014-11-04,2001-09-20,1991-05-22,1719
641,642,1973-08-26,1988-12-31,2022-02-01,1720
323,646,1993-12-31,2006-06-04,1974-06-11,1721
1020,917,2001-11-20,2011-04-20,2009-08-03,1722
1714,392,2012-08-31,2009-12-27,2007-08-01,1723
14894,387,1990-11-26,1997-01-14,1994-03-30,1724
19919,537,1980-09-30,2011-03-27,2020-01-24,1725
16387,380,2019-01-22,2003-11-25,1976-06-07,1726
17025,1584,1976-03-03,1998-10-11,2008-01-16,1727
12945,866,1975-11-21,1983-11-09,2019-04-11,1728
10739,1369,1978-05-06,2016-05-28,1983-06-11,1729
416,1978,2011-09-18,2007-10-19,2008-02-19,1730
9018,1939,1991-05-31,2021-10-21,2001-12-08,1731
14822,262,2005-04-27,1995-08-10,1993-09-12,1732
239,1569,2018-07-23,1996-03-22,2013-10-30,1733
5954,1198,2011-04-12,1993-02-25,1986-11-12,1734
14715,429,1973-01-27,1990-08-12,1975-05-01,1735
3734,606,1972-10-26,2008-02-18,1973-08-07,1736
8917,627,2017-04-25,2001-06-12,2001-06-25,1737
16999,1491,1973-08-07,1982-05-14,2017-08-09,1738
19718,1230,2021-04-27,1986-02-02,1994-10-13,1739
8861,1908,1998-04-20,2021-11-19,2015-04-22,1740
12084,868,2013-01-17,1984-12-04,1981-10-15,1741
2365,1422,1973-02-26,1991-06-23,1980-02-07,1742
17780,1498,2012-03-01,1998-07-12,1986-05-10,1743
16189,717,2012-03-25,1976-11-30,1979-04-09,1744
15481,1314,2018-11-30,1975-02-11,2012-08-31,1745
1516,811,2001-05-16,1995-09-12,1993-11-14,1746
15967,590,2003-07-29,2018-09-26,2017-01-31,1747
7556,1351,1995-08-30,1985-12-15,1979-08-30,1748
16186,1179,2008-03-19,2000-11-10,1976-10-01,1749
5757,1250,1980-08-12,2006-11-08,1996-12-13,1750
1343,18,2002-07-16,1981-05-15,1977-09-11,1751
1499,515,1991-06-28,1990-02-23,2015-06-01,1752
3330,1392,2002-04-17,1994-01-23,2010-12-01,1753
2370,1569,2010-12-24,1982-02-21,1993-07-23,1754
1229,1674,2020-02-12,1977-08-26,2015-08-26,1755
19380,1681,1994-06-04,1979-05-05,2001-08-18,1756
11411,1812,2000-01-30,1999-12-28,2002-08-29,1757
1828,1137,2019-01-29,1978-06-08,1990-10-11,1758
19758,2,2020-06-13,2014-09-07,1975-06-20,1759
3411,1875,1988-03-18,1981-11-17,1973-02-10,1760
19801,1524,1990-11-09,1991-02-28,1995-12-02,1761
290,282,1983-06-02,2022-02-09,1973-08-27,1762
1751,783,1997-09-16,1993-10-27,1997-12-19,1763
19848,101,2005-12-29,1997-10-27,2009-03-21,1764
11279,780,2019-08-08,1983-08-16,2016-12-17,1765
4455,387,2018-05-07,1988-03-04,2012-01-08,1766
2863,13,2001-09-13,2000-08-19,1975-12-02,1767
3856,516,1998-05-03,1999-09-09,1989-06-25,1768
4659,1680,1988-12-20,2018-08-16,2003-06-22,1769
8906,1424,2021-07-23,1999-03-31,1974-01-02,1770
19971,1372,2014-11-03,1986-01-11,1987-09-11,1771
15357,1005,1998-06-22,2006-07-14,1998-01-11,1772
12386,1422,1993-02-27,1994-11-10,1975-06-13,1773
10426,460,1992-03-22,2010-08-26,1987-09-14,1774
15766,1686,2015-10-31,2018-08-13,1986-03-24,1775
3870,90,2016-11-05,1974-11-19,2000-12-28,1776
19420,1553,2015-03-05,2002-10-16,2010-01-07,1777
19803,1042,1983-10-22,2015-12-12,2001-06-03,1778
19045,1947,2009-04-17,2006-12-09,2002-03-09,1779
11171,1154,1973-04-03,2002-01-27,1979-05-14,1780
9661,1625,2012-11-14,2014-11-10,1991-07-18,1781
14596,202,1987-12-05,2016-07-08,2014-01-10,1782
3869,760,2006-04-15,1980-04-13,2022-04-05,1783
8250,526,2016-02-12,2019-11-16,2018-09-12,1784
17246,291,2016-11-12,2012-05-12,1990-03-19,1785
19427,910,2011-03-30,1986-07-27,1996-01-02,1786
11920,697,2021-10-25,1987-02-06,1992-12-27,1787
6378,519,1978-07-06,1983-08-10,1988-12-24,1788
10829,947,2019-01-06,2019-08-26,1996-07-10,1789
4904,117,1984-06-28,2002-07-03,1993-08-25,1790
17590,565,1973-06-08,1993-10-26,2000-04-19,1791
19421,278,1992-11-29,2001-08-11,1977-05-12,1792
4929,781,2012-01-10,1977-10-15,1996-01-08,1793
1436,1265,1989-06-27,2003-07-23,1987-09-28,1794
18966,1008,2015-01-09,1994-09-13,1993-08-19,1795
14255,591,2002-09-21,2009-08-26,2012-10-24,1796
2934,598,1987-08-16,1977-02-23,2015-04-04,1797
14549,856,2010-05-19,1997-07-29,2005-01-21,1798
11870,1976,1992-07-05,2017-06-27,1975-02-01,1799
2722,363,2011-03-16,1982-08-21,2022-01-06,1800
9720,1971,2020-08-31,1998-08-18,1979-07-26,1801
16148,328,1995-08-01,1981-03-05,1987-10-11,1802
1200,699,1999-08-25,1981-08-20,1972-08-19,1803
4369,270,2021-07-01,1973-07-16,1989-08-31,1804
8491,1827,2010-09-03,2003-08-19,1981-12-08,1805
11609,992,1980-10-07,1996-12-26,1984-06-20,1806
4744,1293,1989-07-20,2011-08-12,2004-11-15,1807
10158,1585,2010-12-25,1991-01-09,1990-04-17,1808
11710,692,2005-08-29,2014-11-30,2007-09-24,1809
3345,776,2005-03-31,1975-07-19,2020-04-05,1810
16520,1086,1981-09-23,2006-01-17,1999-05-02,1811
2978,147,1976-04-20,2021-12-17,1999-12-01,1812
3786,1268,1988-03-26,1983-09-22,1988-07-15,1813
15227,880,1973-08-13,2014-01-15,1991-11-22,1814
14222,646,2015-07-03,1998-07-03,1986-12-19,1815
14478,484,2011-08-05,1994-05-01,2002-06-30,1816
6069,342,2017-09-21,2018-12-11,1998-08-13,1817
5420,552,1978-01-15,1999-03-17,1976-12-08,1818
4645,1064,1990-04-30,2019-12-02,1999-04-07,1819
13180,1782,1985-10-21,2004-06-20,2006-03-13,1820
19825,465,2017-08-13,2018-06-07,1991-06-28,1821
12324,517,1983-01-22,2013-04-06,1987-09-05,1822
9504,1122,2005-05-02,1993-01-20,1981-03-30,1823
554,1320,2020-05-14,1990-05-11,2005-07-07,1824
16612,452,1994-05-05,1990-12-19,2011-04-13,1825
7388,333,2001-10-30,2013-08-03,1995-03-01,1826
9616,352,2013-11-02,2001-01-13,2007-06-26,1827
4281,670,2010-05-27,2009-02-16,1974-10-24,1828
293,360,1973-05-13,1982-05-10,1984-04-03,1829
7594,1720,2004-03-11,2015-09-07,2021-03-05,1830
19268,1528,2017-07-22,2002-04-28,1998-07-16,1831
63,182,2008-03-22,2014-06-06,2004-01-12,1832
8751,1320,1998-04-21,2000-03-15,1993-01-28,1833
374,548,2009-09-15,2000-02-06,1990-03-23,1834
7717,205,1991-06-26,1993-07-18,2000-03-18,1835
611,912,1983-05-15,2013-01-20,2012-08-04,1836
9464,1904,2014-07-19,2013-04-08,2010-04-18,1837
9858,1002,2013-11-18,2008-03-03,1982-10-23,1838
18118,1472,1993-12-10,2021-07-29,2002-04-15,1839
9553,348,2002-08-19,2004-06-05,1996-03-09,1840
11189,826,2020-07-12,2008-05-19,1974-09-10,1841
6762,443,2019-03-10,1977-11-24,1976-04-30,1842
7899,1625,1993-12-15,2003-03-09,1995-05-02,1843
6796,1921,2020-04-22,2009-03-08,2016-09-17,1844
18176,1680,2006-12-17,1989-12-08,1975-04-03,1845
10875,1937,2010-02-01,1988-10-22,1972-08-28,1846
1092,1973,2010-12-30,2016-12-02,1996-09-21,1847
7944,185,1984-01-26,2004-11-17,1991-05-22,1848
13903,442,2000-08-21,2019-03-03,1985-03-08,1849
6687,1305,1991-06-09,1980-04-25,2004-12-19,1850
11274,1958,1981-10-02,2016-09-21,2019-08-15,1851
12706,415,2010-05-19,2020-02-23,1990-03-14,1852
5314,1233,1977-09-19,2006-04-23,2021-06-30,1853
16577,617,2008-08-14,2007-03-17,1975-05-19,1854
1785,752,2004-06-03,2001-03-07,2004-12-09,1855
19256,294,1984-09-23,2015-01-05,2012-03-12,1856
16687,626,2022-03-13,2014-03-09,1996-01-04,1857
7275,1434,1998-03-16,2021-10-28,1972-09-04,1858
3771,762,1999-07-10,2015-10-12,2017-11-18,1859
4982,516,1993-09-29,2015-07-06,2009-08-07,1860
37,321,2007-02-18,1987-07-13,1972-10-12,1861
13577,1003,1983-12-30,1983-01-26,2016-12-26,1862
7330,838,1972-11-14,1990-09-21,2017-03-06,1863
19755,427,1979-03-15,2008-11-25,1987-09-17,1864
19737,588,1973-08-29,1984-10-22,1993-10-06,1865
4788,397,2004-02-09,1995-02-21,1984-02-29,1866
6024,1018,2003-03-29,1984-05-10,1984-07-17,1867
13205,1009,1974-02-11,1979-10-09,1988-04-17,1868
10269,989,2005-08-31,1972-09-20,2018-02-05,1869
14256,388,1973-07-06,2010-03-03,1974-10-17,1870
16338,1411,1977-06-06,1977-03-19,1972-07-07,1871
16795,799,1975-03-08,2013-12-01,2008-01-30,1872
3348,1987,1974-09-15,1991-03-04,1996-07-05,1873
11852,1125,1991-09-09,2010-06-10,2006-05-02,1874
17160,1310,1987-12-27,1974-06-16,2007-01-22,1875
1150,922,1998-10-25,1998-01-31,1996-04-09,1876
9225,683,1996-05-11,2012-08-03,1999-12-23,1877
19035,1851,1980-02-13,1980-04-04,1992-02-22,1878
12938,1647,1973-11-12,2012-07-27,2000-11-09,1879
18497,1927,2016-05-03,1988-10-22,1973-04-09,1880
18559,1816,2019-02-04,1981-05-06,2006-06-03,1881
5275,1222,2014-08-23,1980-09-18,1999-02-01,1882
8560,620,2005-04-22,1992-07-19,2010-03-03,1883
2672,842,2012-08-21,2021-07-20,2013-01-29,1884
18264,602,1983-04-07,2016-10-15,2007-04-08,1885
13182,656,1994-10-12,2009-06-11,1995-12-07,1886
14586,224,2012-11-24,1981-09-22,1992-03-27,1887
3365,107,1978-11-29,1995-02-19,1983-03-30,1888
11154,1777,1976-03-11,1975-11-27,1976-02-07,1889
10715,280,2008-05-05,2003-10-12,1993-10-20,1890
16379,1862,1993-10-02,1993-02-09,1977-09-18,1891
6723,327,1981-07-23,1997-07-06,1991-03-23,1892
16370,995,2003-08-19,2003-07-06,2014-08-28,1893
2186,797,2021-10-01,1995-07-31,2019-01-09,1894
17714,275,1987-07-26,1989-10-02,1983-09-09,1895
12928,262,2009-04-13,1977-03-27,1993-03-15,1896
9918,723,2009-05-08,1985-04-27,2010-07-14,1897
5938,576,2005-09-23,2000-06-19,1991-12-02,1898
12406,492,1980-10-21,2001-04-02,1997-09-16,1899
16837,294,2007-10-28,2010-12-23,1988-09-15,1900
2237,1055,2021-08-20,2017-09-19,2013-01-26,1901
11411,1900,1997-09-01,2001-10-23,1974-09-23,1902
12168,1,1986-01-08,2007-08-05,2020-11-14,1903
3314,1651,1994-05-10,2002-12-08,1977-08-19,1904
10229,184,1988-09-30,2011-01-16,2003-03-04,1905
16368,1623,1975-01-14,1986-12-11,2004-10-15,1906
3723,1992,2017-09-27,1986-04-18,2008-02-17,1907
15239,865,1980-04-25,1975-06-08,2021-12-26,1908
11035,1826,2001-08-24,2005-09-07,1978-04-04,1909
12088,922,1997-10-04,2020-07-10,1991-08-20,1910
8480,212,2015-08-09,2014-07-24,1981-07-07,1911
8544,562,2011-04-08,2017-08-18,2007-11-09,1912
10071,1258,2000-09-29,1975-07-05,1972-05-19,1913
15071,1826,1974-12-09,2011-03-02,1995-04-14,1914
17718,138,2003-01-29,1986-02-26,1974-03-19,1915
9939,1613,1995-05-28,2021-08-10,1981-03-13,1916
7086,799,2021-11-30,1976-09-08,1994-09-30,1917
11109,1578,1982-08-12,1996-04-30,2021-10-28,1918
16453,47,2011-08-23,2020-06-21,1975-02-16,1919
6909,58,1974-02-24,1979-09-03,2022-05-01,1920
13237,258,1975-11-10,1979-09-17,2014-02-12,1921
9260,13,1978-08-19,1978-12-28,1974-08-17,1922
1581,1070,2000-01-27,2000-05-31,1973-04-15,1923
11915,1699,1993-09-08,2020-08-09,1998-09-08,1924
11913,1764,2006-04-05,2013-01-08,1976-03-03,1925
4819,1601,1998-05-22,1977-05-06,1999-04-06,1926
6155,1862,2013-03-07,2018-08-10,2016-02-29,1927
2987,703,1997-10-15,2015-08-01,1989-09-03,1928
19077,1962,1986-04-11,1981-05-16,2015-10-13,1929
15253,521,2008-04-06,1981-09-03,1977-10-31,1930
7052,1911,2018-07-10,1975-11-27,1999-01-15,1931
17424,1340,1980-10-31,2015-10-10,2006-03-08,1932
17147,558,1991-09-25,1990-05-08,2017-04-13,1933
7280,1451,2010-02-07,2007-08-10,1998-03-24,1934
4563,22,1989-04-03,1975-05-26,2009-12-25,1935
11149,1915,1992-01-21,1988-09-12,1973-08-16,1936
12741,610,2012-03-16,1996-01-27,2017-08-10,1937
6057,1029,2019-03-16,2016-06-04,1997-09-08,1938
13788,1863,2012-12-13,1984-02-25,1983-02-03,1939
14969,599,2010-08-25,1973-10-15,2007-07-03,1940
14673,1455,2009-07-12,2012-10-25,2006-11-26,1941
12577,87,2003-02-18,2007-09-02,1978-12-30,1942
17951,1610,1984-07-19,2017-11-26,2014-02-01,1943
15094,1004,2021-06-04,2013-02-19,2017-06-26,1944
1623,498,2012-05-01,2006-02-01,1982-08-05,1945
1305,396,1978-09-02,1974-08-04,1985-10-16,1946
2456,1248,1985-04-19,1976-10-17,1996-09-15,1947
13039,776,2011-05-29,1990-05-15,2005-12-09,1948
6508,70,1985-02-25,1983-04-05,1998-03-16,1949
3197,642,2005-03-24,2007-09-07,1995-07-20,1950
12551,491,2012-02-27,1985-12-26,1996-06-04,1951
11109,1866,2013-03-23,1993-12-17,1988-12-05,1952
19479,838,1982-01-11,2008-04-22,2000-11-12,1953
6683,400,1981-07-01,1980-08-13,2014-09-25,1954
15416,1479,2006-10-16,2010-03-13,2005-12-31,1955
16072,1487,2007-03-20,2003-02-16,1977-09-03,1956
2631,892,1989-08-01,1979-06-05,2020-02-29,1957
6152,1577,1991-03-29,2002-03-18,2013-08-08,1958
1793,1096,2019-12-06,2001-02-28,1981-06-28,1959
1765,1589,1999-06-01,2010-07-27,1994-02-19,1960
4856,1558,1982-10-22,2011-06-15,1978-02-01,1961
6337,69,2001-06-03,1983-03-29,1988-02-07,1962
15330,564,1989-01-30,1983-07-23,2012-08-04,1963
15381,180,1992-04-05,2017-09-02,2004-09-12,1964
17638,420,2012-01-28,1987-09-01,2009-06-10,1965
16228,989,2014-10-22,1979-02-05,1987-10-16,1966
18190,1501,2001-10-14,1974-11-02,1987-07-28,1967
6786,1132,1988-04-14,2005-06-14,1975-01-01,1968
9674,1896,2020-04-26,2005-09-07,2016-10-28,1969
16800,1925,2018-01-08,1987-10-11,2007-09-30,1970
4110,121,2021-06-10,1985-06-28,1999-10-17,1971
4043,1470,1994-06-17,2013-11-18,1988-06-08,1972
15833,983,1979-11-29,2020-02-04,1975-02-08,1973
2685,1297,1988-01-03,1990-10-14,2008-02-09,1974
13502,678,2010-03-31,1993-11-15,1976-01-26,1975
9233,955,2011-03-08,1984-01-19,1975-04-29,1976
2709,1716,1975-08-08,1975-03-07,2008-03-27,1977
1512,111,2014-04-07,1980-09-20,1994-08-22,1978
10343,1409,2008-03-15,2011-10-01,2006-05-17,1979
17486,1525,1982-01-27,2021-07-25,1986-08-20,1980
2858,92,2002-01-26,1980-07-02,1994-01-01,1981
18884,907,2016-02-09,2016-03-07,1993-01-20,1982
13916,757,1997-11-20,1994-12-24,2007-01-29,1983
17096,1200,2016-11-23,2001-10-16,1992-11-19,1984
16295,1659,1998-04-27,2010-02-26,2018-04-28,1985
19558,1533,1972-11-23,1999-01-22,1975-01-14,1986
2218,929,1985-02-01,2010-11-15,2003-10-17,1987
10232,1432,1992-01-24,1974-01-29,2012-12-08,1988
2155,921,1999-02-13,2000-11-17,2008-09-06,1989
5566,1973,1987-12-25,1999-08-13,2021-03-14,1990
12515,1423,2002-01-19,1994-03-31,1976-01-01,1991
17572,793,1983-01-26,2003-05-31,1995-07-17,1992
6531,1652,2000-11-02,2021-06-20,2002-04-21,1993
14922,870,1990-02-19,2016-01-12,1994-09-06,1994
6314,539,2015-07-18,2022-03-15,2010-02-26,1995
6335,1923,2009-03-30,1996-08-10,2019-05-02,1996
7962,1808,2011-07-01,2015-03-26,2008-08-11,1997
7567,1654,1984-12-12,2008-08-08,2010-04-17,1998
3463,1309,1994-01-07,2006-08-16,2008-12-15,1999
